Orthogroup	Species Tree Node	Gene Tree Node	Support	Type	Genes 1	Genes 2
OG0000000	N0	n0	0.75		homeo_spha_A0A812EKG4_SEPPH, homeo_ctel_R7UG11_CAPTE, homeo_ctel_R7U9H9_CAPTE, homeo_mcor_A0A6J8D361_MYTCO, homeo_lgig_V4BRR7_LOTGI, homeo_cgig_A0A8W8NKQ5_CRAGI, homeo_cgig_A0A8W8NC56_CRAGI, homeo_lgig_V3ZJY3_LOTGI, homeo_ofus_A0A8J1UID4_OWEFU, homeo_pdum_Pdum_DN81728_c1_g1_i5.p1^, homeo_spha_A0A812E8A3_SEPPH, homeo_ctel_R7TK36_CAPTE, homeo_lgig_V3ZQ03_LOTGI, homeo_ofus_A0A8J1Y3J5_OWEFU, homeo_cgig_A0A8W8N755_CRAGI, homeo_cgig_K1QC82_CRAGI, homeo_cgig_A0A8W8N4P4_CRAGI, homeo_ctel_R7TJ46_CAPTE, homeo_ctel_R7VLQ3_CAPTE, homeo_ofus_A0A8J1XVB3_OWEFU, homeo_lgig_V4AG29_LOTGI, homeo_mcor_A0A6J8DGF8_MYTCO	homeo_spha_A0A812B925_SEPPH, homeo_pele_Pele_DN158131_c1_g1_i1.p1^, homeo_ofus_A0A8J1UPU6_OWEFU, homeo_ctel_R7VJE5_CAPTE, homeo_mcor_A0A6J8D4Z1_MYTCO, homeo_cgig_A0A8W8LME9_CRAGI, homeo_cgig_K1PTP4_CRAGI, homeo_lgig_V4B1Z7_LOTGI, homeo_ctel_R7UN25_CAPTE, homeo_mcor_A0A6J8A6S6_MYTCO, homeo_lgig_V4ARX4_LOTGI, homeo_cgig_A0A8W8LAX7_CRAGI, homeo_ofus_A0A8J1TH95_OWEFU, homeo_ctel_R7VLA1_CAPTE, homeo_ofus_A0A8J1UBP8_OWEFU, homeo_ofus_A0A8S4NIW6_OWEFU, homeo_cgig_A0A8W8IPA2_CRAGI, homeo_cgig_K1Q3T5_CRAGI, homeo_mcor_A0A6J8DYR4_MYTCO, homeo_lgig_V3Z594_LOTGI, homeo_ofus_A0A8S4P4P8_OWEFU, homeo_lgig_V3ZUI4_LOTGI, homeo_ctel_R7T3T5_CAPTE
OG0000000	N0	n1	0.25		homeo_spha_A0A812EKG4_SEPPH, homeo_ctel_R7UG11_CAPTE, homeo_ctel_R7U9H9_CAPTE, homeo_mcor_A0A6J8D361_MYTCO, homeo_lgig_V4BRR7_LOTGI, homeo_cgig_A0A8W8NKQ5_CRAGI, homeo_cgig_A0A8W8NC56_CRAGI, homeo_lgig_V3ZJY3_LOTGI, homeo_ofus_A0A8J1UID4_OWEFU, homeo_pdum_Pdum_DN81728_c1_g1_i5.p1^, homeo_spha_A0A812E8A3_SEPPH, homeo_ctel_R7TK36_CAPTE, homeo_lgig_V3ZQ03_LOTGI, homeo_ofus_A0A8J1Y3J5_OWEFU, homeo_cgig_A0A8W8N755_CRAGI, homeo_cgig_K1QC82_CRAGI, homeo_cgig_A0A8W8N4P4_CRAGI, homeo_ctel_R7TJ46_CAPTE, homeo_ctel_R7VLQ3_CAPTE, homeo_ofus_A0A8J1XVB3_OWEFU	homeo_lgig_V4AG29_LOTGI, homeo_mcor_A0A6J8DGF8_MYTCO
OG0000000	N0	n2	0.625		homeo_spha_A0A812EKG4_SEPPH, homeo_ctel_R7UG11_CAPTE, homeo_ctel_R7U9H9_CAPTE, homeo_mcor_A0A6J8D361_MYTCO, homeo_lgig_V4BRR7_LOTGI, homeo_cgig_A0A8W8NKQ5_CRAGI, homeo_cgig_A0A8W8NC56_CRAGI, homeo_lgig_V3ZJY3_LOTGI, homeo_ofus_A0A8J1UID4_OWEFU	homeo_pdum_Pdum_DN81728_c1_g1_i5.p1^, homeo_spha_A0A812E8A3_SEPPH, homeo_ctel_R7TK36_CAPTE, homeo_lgig_V3ZQ03_LOTGI, homeo_ofus_A0A8J1Y3J5_OWEFU, homeo_cgig_A0A8W8N755_CRAGI, homeo_cgig_K1QC82_CRAGI, homeo_cgig_A0A8W8N4P4_CRAGI, homeo_ctel_R7TJ46_CAPTE, homeo_ctel_R7VLQ3_CAPTE, homeo_ofus_A0A8J1XVB3_OWEFU
OG0000000	homeo_ctel	n5	1.0	Terminal	homeo_ctel_R7UG11_CAPTE	homeo_ctel_R7U9H9_CAPTE
OG0000000	N4	n8	0.25		homeo_lgig_V4BRR7_LOTGI	homeo_cgig_A0A8W8NKQ5_CRAGI, homeo_cgig_A0A8W8NC56_CRAGI, homeo_lgig_V3ZJY3_LOTGI
OG0000000	homeo_cgig	n10	1.0	Terminal	homeo_cgig_A0A8W8NKQ5_CRAGI	homeo_cgig_A0A8W8NC56_CRAGI
OG0000000	N0	n11	0.25		homeo_pdum_Pdum_DN81728_c1_g1_i5.p1^, homeo_spha_A0A812E8A3_SEPPH, homeo_ctel_R7TK36_CAPTE, homeo_lgig_V3ZQ03_LOTGI, homeo_ofus_A0A8J1Y3J5_OWEFU	homeo_cgig_A0A8W8N755_CRAGI, homeo_cgig_K1QC82_CRAGI, homeo_cgig_A0A8W8N4P4_CRAGI, homeo_ctel_R7TJ46_CAPTE, homeo_ctel_R7VLQ3_CAPTE, homeo_ofus_A0A8J1XVB3_OWEFU
OG0000000	homeo_cgig	n18	1.0	Terminal	homeo_cgig_A0A8W8N755_CRAGI	homeo_cgig_K1QC82_CRAGI, homeo_cgig_A0A8W8N4P4_CRAGI
OG0000000	homeo_cgig	n19	1.0	Terminal	homeo_cgig_K1QC82_CRAGI	homeo_cgig_A0A8W8N4P4_CRAGI
OG0000000	homeo_ctel	n20	1.0	Terminal	homeo_ctel_R7TJ46_CAPTE	homeo_ctel_R7VLQ3_CAPTE
OG0000000	N0	n23	0.625		homeo_pele_Pele_DN158131_c1_g1_i1.p1^, homeo_ofus_A0A8J1UPU6_OWEFU, homeo_ctel_R7VJE5_CAPTE, homeo_mcor_A0A6J8D4Z1_MYTCO, homeo_cgig_A0A8W8LME9_CRAGI, homeo_cgig_K1PTP4_CRAGI, homeo_lgig_V4B1Z7_LOTGI, homeo_ctel_R7UN25_CAPTE, homeo_mcor_A0A6J8A6S6_MYTCO, homeo_lgig_V4ARX4_LOTGI, homeo_cgig_A0A8W8LAX7_CRAGI, homeo_ofus_A0A8J1TH95_OWEFU	homeo_ctel_R7VLA1_CAPTE, homeo_ofus_A0A8J1UBP8_OWEFU, homeo_ofus_A0A8S4NIW6_OWEFU, homeo_cgig_A0A8W8IPA2_CRAGI, homeo_cgig_K1Q3T5_CRAGI, homeo_mcor_A0A6J8DYR4_MYTCO, homeo_lgig_V3Z594_LOTGI, homeo_ofus_A0A8S4P4P8_OWEFU, homeo_lgig_V3ZUI4_LOTGI, homeo_ctel_R7T3T5_CAPTE
OG0000000	N0	n24	0.625		homeo_pele_Pele_DN158131_c1_g1_i1.p1^, homeo_ofus_A0A8J1UPU6_OWEFU, homeo_ctel_R7VJE5_CAPTE, homeo_mcor_A0A6J8D4Z1_MYTCO, homeo_cgig_A0A8W8LME9_CRAGI, homeo_cgig_K1PTP4_CRAGI, homeo_lgig_V4B1Z7_LOTGI	homeo_ctel_R7UN25_CAPTE, homeo_mcor_A0A6J8A6S6_MYTCO, homeo_lgig_V4ARX4_LOTGI, homeo_cgig_A0A8W8LAX7_CRAGI, homeo_ofus_A0A8J1TH95_OWEFU
OG0000000	homeo_cgig	n30	1.0	Terminal	homeo_cgig_A0A8W8LME9_CRAGI	homeo_cgig_K1PTP4_CRAGI
OG0000000	N0	n35	0.375		homeo_ctel_R7VLA1_CAPTE, homeo_ofus_A0A8J1UBP8_OWEFU, homeo_ofus_A0A8S4NIW6_OWEFU, homeo_cgig_A0A8W8IPA2_CRAGI, homeo_cgig_K1Q3T5_CRAGI, homeo_mcor_A0A6J8DYR4_MYTCO, homeo_lgig_V3Z594_LOTGI	homeo_ofus_A0A8S4P4P8_OWEFU, homeo_lgig_V3ZUI4_LOTGI, homeo_ctel_R7T3T5_CAPTE
OG0000000	homeo_ofus	n38	1.0	Terminal	homeo_ofus_A0A8J1UBP8_OWEFU	homeo_ofus_A0A8S4NIW6_OWEFU
OG0000000	homeo_cgig	n41	1.0	Terminal	homeo_cgig_A0A8W8IPA2_CRAGI	homeo_cgig_K1Q3T5_CRAGI
OG0000001	homeo_ofus	n2	1.0	Terminal	homeo_ofus_A0A8S4NYJ5_OWEFU, homeo_ofus_A0A8S4P1R3_OWEFU, homeo_ofus_A0A8S4P2P7_OWEFU, homeo_ofus_A0A8J1XTI5_OWEFU, homeo_ofus_A0A8S4P221_OWEFU, homeo_ofus_A0A8J1XV20_OWEFU	homeo_ofus_A0A8S4P2I1_OWEFU
OG0000001	homeo_ofus	n3	1.0	Terminal	homeo_ofus_A0A8S4NYJ5_OWEFU, homeo_ofus_A0A8S4P1R3_OWEFU	homeo_ofus_A0A8S4P2P7_OWEFU, homeo_ofus_A0A8J1XTI5_OWEFU, homeo_ofus_A0A8S4P221_OWEFU, homeo_ofus_A0A8J1XV20_OWEFU
OG0000001	homeo_ofus	n4	1.0	Terminal	homeo_ofus_A0A8S4NYJ5_OWEFU	homeo_ofus_A0A8S4P1R3_OWEFU
OG0000001	homeo_ofus	n5	1.0	Terminal	homeo_ofus_A0A8S4P2P7_OWEFU	homeo_ofus_A0A8J1XTI5_OWEFU, homeo_ofus_A0A8S4P221_OWEFU, homeo_ofus_A0A8J1XV20_OWEFU
OG0000001	homeo_ofus	n6	1.0	Terminal	homeo_ofus_A0A8J1XTI5_OWEFU, homeo_ofus_A0A8S4P221_OWEFU	homeo_ofus_A0A8J1XV20_OWEFU
OG0000001	homeo_ofus	n7	1.0	Terminal	homeo_ofus_A0A8J1XTI5_OWEFU	homeo_ofus_A0A8S4P221_OWEFU
OG0000001	homeo_mcor	n11	1.0	Terminal	homeo_mcor_A0A6J8D4G9_MYTCO, homeo_mcor_A0A6J8D326_MYTCO, homeo_mcor_A0A6J8D1S3_MYTCO, homeo_mcor_A0A6J8CZX6_MYTCO	homeo_mcor_A0A6J8D2D2_MYTCO
OG0000001	homeo_mcor	n12	1.0	Terminal	homeo_mcor_A0A6J8D4G9_MYTCO, homeo_mcor_A0A6J8D326_MYTCO, homeo_mcor_A0A6J8D1S3_MYTCO	homeo_mcor_A0A6J8CZX6_MYTCO
OG0000001	homeo_mcor	n13	1.0	Terminal	homeo_mcor_A0A6J8D4G9_MYTCO	homeo_mcor_A0A6J8D326_MYTCO, homeo_mcor_A0A6J8D1S3_MYTCO
OG0000001	homeo_mcor	n14	1.0	Terminal	homeo_mcor_A0A6J8D326_MYTCO	homeo_mcor_A0A6J8D1S3_MYTCO
OG0000001	homeo_pele	n17	1.0	Terminal	homeo_pele_Pele_DN156383_c1_g1_i10.p1^	homeo_pele_Pele_DN134842_c0_g2_i2.p1^
OG0000001	homeo_cgig	n18	1.0	Terminal	homeo_cgig_A0A8W8KTU7_CRAGI	homeo_cgig_A0A8W8KWH7_CRAGI, homeo_cgig_A0A8W8KVY4_CRAGI, homeo_cgig_A0A8W8KZP0_CRAGI, homeo_cgig_A0A8W8KTZ2_CRAGI, homeo_cgig_A0A8W8KTY2_CRAGI, homeo_cgig_K1RRF9_CRAGI, homeo_cgig_A0A8W8KTT7_CRAGI, homeo_cgig_A0A8W8KWH2_CRAGI, homeo_cgig_A0A8W8KZM6_CRAGI, homeo_cgig_A0A8W8KTV3_CRAGI, homeo_cgig_A0A8W8KTZ7_CRAGI, homeo_cgig_A0A8W8KVZ3_CRAGI, homeo_cgig_A0A8W8KVY9_CRAGI, homeo_cgig_A0A8W8KWI1_CRAGI, homeo_cgig_A0A8W8KTU2_CRAGI, homeo_cgig_A0A8W8KZN5_CRAGI, homeo_cgig_A0A8W8KTY7_CRAGI, homeo_cgig_A0A8W8KZN0_CRAGI
OG0000001	homeo_cgig	n19	1.0	Terminal	homeo_cgig_A0A8W8KWH7_CRAGI, homeo_cgig_A0A8W8KVY4_CRAGI	homeo_cgig_A0A8W8KZP0_CRAGI, homeo_cgig_A0A8W8KTZ2_CRAGI, homeo_cgig_A0A8W8KTY2_CRAGI, homeo_cgig_K1RRF9_CRAGI, homeo_cgig_A0A8W8KTT7_CRAGI, homeo_cgig_A0A8W8KWH2_CRAGI, homeo_cgig_A0A8W8KZM6_CRAGI, homeo_cgig_A0A8W8KTV3_CRAGI, homeo_cgig_A0A8W8KTZ7_CRAGI, homeo_cgig_A0A8W8KVZ3_CRAGI, homeo_cgig_A0A8W8KVY9_CRAGI, homeo_cgig_A0A8W8KWI1_CRAGI, homeo_cgig_A0A8W8KTU2_CRAGI, homeo_cgig_A0A8W8KZN5_CRAGI, homeo_cgig_A0A8W8KTY7_CRAGI, homeo_cgig_A0A8W8KZN0_CRAGI
OG0000001	homeo_cgig	n20	1.0	Terminal	homeo_cgig_A0A8W8KWH7_CRAGI	homeo_cgig_A0A8W8KVY4_CRAGI
OG0000001	homeo_cgig	n21	1.0	Terminal	homeo_cgig_A0A8W8KZP0_CRAGI, homeo_cgig_A0A8W8KTZ2_CRAGI, homeo_cgig_A0A8W8KTY2_CRAGI	homeo_cgig_K1RRF9_CRAGI, homeo_cgig_A0A8W8KTT7_CRAGI, homeo_cgig_A0A8W8KWH2_CRAGI, homeo_cgig_A0A8W8KZM6_CRAGI, homeo_cgig_A0A8W8KTV3_CRAGI, homeo_cgig_A0A8W8KTZ7_CRAGI, homeo_cgig_A0A8W8KVZ3_CRAGI, homeo_cgig_A0A8W8KVY9_CRAGI, homeo_cgig_A0A8W8KWI1_CRAGI, homeo_cgig_A0A8W8KTU2_CRAGI, homeo_cgig_A0A8W8KZN5_CRAGI, homeo_cgig_A0A8W8KTY7_CRAGI, homeo_cgig_A0A8W8KZN0_CRAGI
OG0000001	homeo_cgig	n22	1.0	Terminal	homeo_cgig_A0A8W8KZP0_CRAGI, homeo_cgig_A0A8W8KTZ2_CRAGI	homeo_cgig_A0A8W8KTY2_CRAGI
OG0000001	homeo_cgig	n23	1.0	Terminal	homeo_cgig_A0A8W8KZP0_CRAGI	homeo_cgig_A0A8W8KTZ2_CRAGI
OG0000001	homeo_cgig	n24	1.0	Terminal	homeo_cgig_K1RRF9_CRAGI, homeo_cgig_A0A8W8KTT7_CRAGI, homeo_cgig_A0A8W8KWH2_CRAGI, homeo_cgig_A0A8W8KZM6_CRAGI, homeo_cgig_A0A8W8KTV3_CRAGI, homeo_cgig_A0A8W8KTZ7_CRAGI	homeo_cgig_A0A8W8KVZ3_CRAGI, homeo_cgig_A0A8W8KVY9_CRAGI, homeo_cgig_A0A8W8KWI1_CRAGI, homeo_cgig_A0A8W8KTU2_CRAGI, homeo_cgig_A0A8W8KZN5_CRAGI, homeo_cgig_A0A8W8KTY7_CRAGI, homeo_cgig_A0A8W8KZN0_CRAGI
OG0000001	homeo_cgig	n25	1.0	Terminal	homeo_cgig_K1RRF9_CRAGI, homeo_cgig_A0A8W8KTT7_CRAGI, homeo_cgig_A0A8W8KWH2_CRAGI, homeo_cgig_A0A8W8KZM6_CRAGI	homeo_cgig_A0A8W8KTV3_CRAGI, homeo_cgig_A0A8W8KTZ7_CRAGI
OG0000001	homeo_cgig	n26	1.0	Terminal	homeo_cgig_K1RRF9_CRAGI, homeo_cgig_A0A8W8KTT7_CRAGI, homeo_cgig_A0A8W8KWH2_CRAGI	homeo_cgig_A0A8W8KZM6_CRAGI
OG0000001	homeo_cgig	n27	1.0	Terminal	homeo_cgig_K1RRF9_CRAGI, homeo_cgig_A0A8W8KTT7_CRAGI	homeo_cgig_A0A8W8KWH2_CRAGI
OG0000001	homeo_cgig	n28	1.0	Terminal	homeo_cgig_K1RRF9_CRAGI	homeo_cgig_A0A8W8KTT7_CRAGI
OG0000001	homeo_cgig	n29	1.0	Terminal	homeo_cgig_A0A8W8KTV3_CRAGI	homeo_cgig_A0A8W8KTZ7_CRAGI
OG0000001	homeo_cgig	n30	1.0	Terminal	homeo_cgig_A0A8W8KVZ3_CRAGI, homeo_cgig_A0A8W8KVY9_CRAGI	homeo_cgig_A0A8W8KWI1_CRAGI, homeo_cgig_A0A8W8KTU2_CRAGI, homeo_cgig_A0A8W8KZN5_CRAGI, homeo_cgig_A0A8W8KTY7_CRAGI, homeo_cgig_A0A8W8KZN0_CRAGI
OG0000001	homeo_cgig	n31	1.0	Terminal	homeo_cgig_A0A8W8KVZ3_CRAGI	homeo_cgig_A0A8W8KVY9_CRAGI
OG0000001	homeo_cgig	n32	1.0	Terminal	homeo_cgig_A0A8W8KWI1_CRAGI, homeo_cgig_A0A8W8KTU2_CRAGI	homeo_cgig_A0A8W8KZN5_CRAGI, homeo_cgig_A0A8W8KTY7_CRAGI, homeo_cgig_A0A8W8KZN0_CRAGI
OG0000001	homeo_cgig	n33	1.0	Terminal	homeo_cgig_A0A8W8KWI1_CRAGI	homeo_cgig_A0A8W8KTU2_CRAGI
OG0000001	homeo_cgig	n34	1.0	Terminal	homeo_cgig_A0A8W8KZN5_CRAGI	homeo_cgig_A0A8W8KTY7_CRAGI, homeo_cgig_A0A8W8KZN0_CRAGI
OG0000001	homeo_cgig	n35	1.0	Terminal	homeo_cgig_A0A8W8KTY7_CRAGI	homeo_cgig_A0A8W8KZN0_CRAGI
OG0000002	N0	n1	0.375		homeo_spha_A0A812CHV2_SEPPH, homeo_mcor_A0A6J8CM12_MYTCO, homeo_cgig_A0A8W8JY31_CRAGI, homeo_cgig_K1RIX6_CRAGI	homeo_mcor_A0A6J8CIP8_MYTCO, homeo_cgig_A0A8W8K458_CRAGI, homeo_cgig_A0A8W8JYB7_CRAGI, homeo_cgig_K1RA01_CRAGI, homeo_spha_A0A812CH23_SEPPH, homeo_ctel_R7UAD2_CAPTE, homeo_cgig_K1QIR0_CRAGI, homeo_cgig_A0A8W8JTR1_CRAGI, homeo_cgig_A0A8W8JT33_CRAGI, homeo_cgig_A0A8W8JX80_CRAGI, homeo_lgig_V3ZPC7_LOTGI, homeo_mcor_A0A6J8C766_MYTCO, homeo_mcor_A0A6J8CB01_MYTCO, homeo_mcor_A0A6J8CAU0_MYTCO, homeo_mcor_A0A6J8C6X8_MYTCO, homeo_ctel_R7U8T2_CAPTE, homeo_lgig_V3ZF17_LOTGI, homeo_lgig_V3ZPD1_LOTGI, homeo_ctel_R7UAD6_CAPTE, homeo_cgig_K1Q4X5_CRAGI, homeo_cgig_A0A8W8KJ06_CRAGI, homeo_mcor_A0A6J8CRW7_MYTCO, homeo_mcor_A0A6J8E6I5_MYTCO, homeo_lgig_V3YXA5_LOTGI
OG0000002	homeo_cgig	n4	1.0	Terminal	homeo_cgig_A0A8W8JY31_CRAGI	homeo_cgig_K1RIX6_CRAGI
OG0000002	N0	n5	0.25		homeo_mcor_A0A6J8CIP8_MYTCO, homeo_cgig_A0A8W8K458_CRAGI, homeo_cgig_A0A8W8JYB7_CRAGI, homeo_cgig_K1RA01_CRAGI	homeo_spha_A0A812CH23_SEPPH, homeo_ctel_R7UAD2_CAPTE, homeo_cgig_K1QIR0_CRAGI, homeo_cgig_A0A8W8JTR1_CRAGI, homeo_cgig_A0A8W8JT33_CRAGI, homeo_cgig_A0A8W8JX80_CRAGI, homeo_lgig_V3ZPC7_LOTGI, homeo_mcor_A0A6J8C766_MYTCO, homeo_mcor_A0A6J8CB01_MYTCO, homeo_mcor_A0A6J8CAU0_MYTCO, homeo_mcor_A0A6J8C6X8_MYTCO, homeo_ctel_R7U8T2_CAPTE, homeo_lgig_V3ZF17_LOTGI, homeo_lgig_V3ZPD1_LOTGI, homeo_ctel_R7UAD6_CAPTE, homeo_cgig_K1Q4X5_CRAGI, homeo_cgig_A0A8W8KJ06_CRAGI, homeo_mcor_A0A6J8CRW7_MYTCO, homeo_mcor_A0A6J8E6I5_MYTCO, homeo_lgig_V3YXA5_LOTGI
OG0000002	homeo_cgig	n7	1.0	Terminal	homeo_cgig_A0A8W8K458_CRAGI, homeo_cgig_A0A8W8JYB7_CRAGI	homeo_cgig_K1RA01_CRAGI
OG0000002	homeo_cgig	n8	1.0	Terminal	homeo_cgig_A0A8W8K458_CRAGI	homeo_cgig_A0A8W8JYB7_CRAGI
OG0000002	N0	n9	0.5		homeo_spha_A0A812CH23_SEPPH, homeo_ctel_R7UAD2_CAPTE, homeo_cgig_K1QIR0_CRAGI, homeo_cgig_A0A8W8JTR1_CRAGI, homeo_cgig_A0A8W8JT33_CRAGI, homeo_cgig_A0A8W8JX80_CRAGI, homeo_lgig_V3ZPC7_LOTGI, homeo_mcor_A0A6J8C766_MYTCO, homeo_mcor_A0A6J8CB01_MYTCO, homeo_mcor_A0A6J8CAU0_MYTCO, homeo_mcor_A0A6J8C6X8_MYTCO, homeo_ctel_R7U8T2_CAPTE, homeo_lgig_V3ZF17_LOTGI, homeo_lgig_V3ZPD1_LOTGI	homeo_ctel_R7UAD6_CAPTE, homeo_cgig_K1Q4X5_CRAGI, homeo_cgig_A0A8W8KJ06_CRAGI, homeo_mcor_A0A6J8CRW7_MYTCO, homeo_mcor_A0A6J8E6I5_MYTCO, homeo_lgig_V3YXA5_LOTGI
OG0000002	N0	n11	0.125		homeo_ctel_R7UAD2_CAPTE, homeo_cgig_K1QIR0_CRAGI, homeo_cgig_A0A8W8JTR1_CRAGI, homeo_cgig_A0A8W8JT33_CRAGI, homeo_cgig_A0A8W8JX80_CRAGI, homeo_lgig_V3ZPC7_LOTGI, homeo_mcor_A0A6J8C766_MYTCO, homeo_mcor_A0A6J8CB01_MYTCO, homeo_mcor_A0A6J8CAU0_MYTCO, homeo_mcor_A0A6J8C6X8_MYTCO, homeo_ctel_R7U8T2_CAPTE, homeo_lgig_V3ZF17_LOTGI	homeo_lgig_V3ZPD1_LOTGI
OG0000002	N0	n12	0.25		homeo_ctel_R7UAD2_CAPTE, homeo_cgig_K1QIR0_CRAGI, homeo_cgig_A0A8W8JTR1_CRAGI, homeo_cgig_A0A8W8JT33_CRAGI, homeo_cgig_A0A8W8JX80_CRAGI, homeo_lgig_V3ZPC7_LOTGI, homeo_mcor_A0A6J8C766_MYTCO, homeo_mcor_A0A6J8CB01_MYTCO, homeo_mcor_A0A6J8CAU0_MYTCO, homeo_mcor_A0A6J8C6X8_MYTCO	homeo_ctel_R7U8T2_CAPTE, homeo_lgig_V3ZF17_LOTGI
OG0000002	homeo_cgig	n16	1.0	Terminal	homeo_cgig_K1QIR0_CRAGI, homeo_cgig_A0A8W8JTR1_CRAGI	homeo_cgig_A0A8W8JT33_CRAGI, homeo_cgig_A0A8W8JX80_CRAGI
OG0000002	homeo_cgig	n17	1.0	Terminal	homeo_cgig_K1QIR0_CRAGI	homeo_cgig_A0A8W8JTR1_CRAGI
OG0000002	homeo_cgig	n18	1.0	Terminal	homeo_cgig_A0A8W8JT33_CRAGI	homeo_cgig_A0A8W8JX80_CRAGI
OG0000002	homeo_mcor	n19	1.0	Terminal	homeo_mcor_A0A6J8C766_MYTCO	homeo_mcor_A0A6J8CB01_MYTCO, homeo_mcor_A0A6J8CAU0_MYTCO, homeo_mcor_A0A6J8C6X8_MYTCO
OG0000002	homeo_mcor	n20	1.0	Terminal	homeo_mcor_A0A6J8CB01_MYTCO, homeo_mcor_A0A6J8CAU0_MYTCO	homeo_mcor_A0A6J8C6X8_MYTCO
OG0000002	homeo_mcor	n21	1.0	Terminal	homeo_mcor_A0A6J8CB01_MYTCO	homeo_mcor_A0A6J8CAU0_MYTCO
OG0000002	homeo_cgig	n26	1.0	Terminal	homeo_cgig_K1Q4X5_CRAGI	homeo_cgig_A0A8W8KJ06_CRAGI
OG0000002	homeo_mcor	n27	1.0	Terminal	homeo_mcor_A0A6J8CRW7_MYTCO	homeo_mcor_A0A6J8E6I5_MYTCO
OG0000002	homeo_pdum	n30	1.0	Terminal	homeo_pdum_Pdum_DN82374_c0_g2_i1.p1^	homeo_pdum_Pdum_DN69195_c0_g1_i2.p1^
OG0000003	N0	n0	1.0		homeo_pele_Pele_DN141821_c0_g1_i1.p1^, homeo_spha_A0A812BTC3_SEPPH, homeo_ctel_R7TKD0_CAPTE, homeo_ctel_A1XC54_CAPTE, homeo_cgig_K1RJL2_CRAGI, homeo_cgig_A0A8W8JYI5_CRAGI, homeo_cgig_A0A8W8JW62_CRAGI, homeo_mcor_A0A6J8C7S3_MYTCO, homeo_ofus_A0A2I6QBP6_OWEFU, homeo_ofus_A0A8S4N2Y9_OWEFU, homeo_ofus_A0A8S4N1Z8_OWEFU, homeo_lgig_A0A0B6VNG5_LOTGI, homeo_lgig_V4AMZ8_LOTGI, homeo_pdum_Pdum_DN77615_c1_g1_i2.p1^	homeo_spha_A0A812D295_SEPPH, homeo_pdum_Pdum_DN83553_c0_g1_i4.p1^, homeo_ctel_R7UF19_CAPTE, homeo_pele_Pele_DN146984_c1_g2_i4.p1^, homeo_cgig_A0A8W8NGD8_CRAGI, homeo_cgig_A0A8W8N7T4_CRAGI, homeo_cgig_K1QCD5_CRAGI, homeo_cgig_A0A8W8NKP9_CRAGI, homeo_mcor_A0A6J8BYI7_MYTCO, homeo_lgig_V3ZQV3_LOTGI, homeo_ofus_A0A8S4NWV7_OWEFU, homeo_ofus_A0A8S4NW90_OWEFU, homeo_ofus_A0A8S4NTX5_OWEFU, homeo_ofus_A0A8S4NZG7_OWEFU, homeo_ofus_A0A8S4NVX6_OWEFU, homeo_ofus_A0A2I6QBP1_OWEFU
OG0000003	homeo_ctel	n6	1.0	Terminal	homeo_ctel_R7TKD0_CAPTE	homeo_ctel_A1XC54_CAPTE
OG0000003	homeo_cgig	n9	1.0	Terminal	homeo_cgig_K1RJL2_CRAGI, homeo_cgig_A0A8W8JYI5_CRAGI	homeo_cgig_A0A8W8JW62_CRAGI
OG0000003	homeo_cgig	n10	1.0	Terminal	homeo_cgig_K1RJL2_CRAGI	homeo_cgig_A0A8W8JYI5_CRAGI
OG0000003	homeo_ofus	n11	1.0	Terminal	homeo_ofus_A0A2I6QBP6_OWEFU, homeo_ofus_A0A8S4N2Y9_OWEFU	homeo_ofus_A0A8S4N1Z8_OWEFU
OG0000003	homeo_ofus	n12	1.0	Terminal	homeo_ofus_A0A2I6QBP6_OWEFU	homeo_ofus_A0A8S4N2Y9_OWEFU
OG0000003	homeo_lgig	n13	1.0	Terminal	homeo_lgig_A0A0B6VNG5_LOTGI	homeo_lgig_V4AMZ8_LOTGI
OG0000003	homeo_cgig	n20	1.0	Terminal	homeo_cgig_A0A8W8NGD8_CRAGI, homeo_cgig_A0A8W8N7T4_CRAGI, homeo_cgig_K1QCD5_CRAGI	homeo_cgig_A0A8W8NKP9_CRAGI
OG0000003	homeo_cgig	n21	1.0	Terminal	homeo_cgig_A0A8W8NGD8_CRAGI	homeo_cgig_A0A8W8N7T4_CRAGI, homeo_cgig_K1QCD5_CRAGI
OG0000003	homeo_cgig	n22	1.0	Terminal	homeo_cgig_A0A8W8N7T4_CRAGI	homeo_cgig_K1QCD5_CRAGI
OG0000003	homeo_ofus	n24	1.0	Terminal	homeo_ofus_A0A8S4NWV7_OWEFU, homeo_ofus_A0A8S4NW90_OWEFU	homeo_ofus_A0A8S4NTX5_OWEFU, homeo_ofus_A0A8S4NZG7_OWEFU, homeo_ofus_A0A8S4NVX6_OWEFU, homeo_ofus_A0A2I6QBP1_OWEFU
OG0000003	homeo_ofus	n25	1.0	Terminal	homeo_ofus_A0A8S4NWV7_OWEFU	homeo_ofus_A0A8S4NW90_OWEFU
OG0000003	homeo_ofus	n26	1.0	Terminal	homeo_ofus_A0A8S4NTX5_OWEFU, homeo_ofus_A0A8S4NZG7_OWEFU	homeo_ofus_A0A8S4NVX6_OWEFU, homeo_ofus_A0A2I6QBP1_OWEFU
OG0000003	homeo_ofus	n27	1.0	Terminal	homeo_ofus_A0A8S4NTX5_OWEFU	homeo_ofus_A0A8S4NZG7_OWEFU
OG0000003	homeo_ofus	n28	1.0	Terminal	homeo_ofus_A0A8S4NVX6_OWEFU	homeo_ofus_A0A2I6QBP1_OWEFU
OG0000004	N0	n1	0.625		homeo_cgig_A0A8W8IAI7_CRAGI, homeo_cgig_A0A8W8IAW9_CRAGI, homeo_cgig_K1PJH4_CRAGI, homeo_mcor_A0A6J8CNA2_MYTCO, homeo_ofus_A0A8J1ULN0_OWEFU, homeo_lgig_V3ZUB0_LOTGI, homeo_pele_Pele_DN149662_c3_g3_i1.p1^, homeo_ctel_F9W2V7_CAPTE	homeo_ctel_R7TJR3_CAPTE, homeo_ofus_A0A8S4PHK6_OWEFU, homeo_ofus_A0A8J1UN28_OWEFU, homeo_lgig_V4AHM7_LOTGI, homeo_cgig_K1RZS7_CRAGI, homeo_cgig_A0A8W8I5K6_CRAGI, homeo_cgig_A0A8W8I4C7_CRAGI, homeo_cgig_A0A8W8I588_CRAGI, homeo_mcor_A0A6J8D371_MYTCO, homeo_spha_A0A812DX13_SEPPH, homeo_lgig_V3Z5W5_LOTGI, homeo_cgig_K1QUB8_CRAGI, homeo_mcor_A0A6J8B9F8_MYTCO, homeo_ofus_A0A8J1U7D2_OWEFU, homeo_ofus_A0A165US65_OWEFU, homeo_ctel_R7VF41_CAPTE, homeo_ctel_R7VL20_CAPTE, homeo_ctel_R7VKC4_CAPTE, homeo_ctel_R7VKC5_CAPTE
OG0000004	homeo_cgig	n6	1.0	Terminal	homeo_cgig_A0A8W8IAI7_CRAGI, homeo_cgig_A0A8W8IAW9_CRAGI	homeo_cgig_K1PJH4_CRAGI
OG0000004	homeo_cgig	n7	1.0	Terminal	homeo_cgig_A0A8W8IAI7_CRAGI	homeo_cgig_A0A8W8IAW9_CRAGI
OG0000004	N0	n9	0.125		homeo_ctel_R7TJR3_CAPTE, homeo_ofus_A0A8S4PHK6_OWEFU, homeo_ofus_A0A8J1UN28_OWEFU, homeo_lgig_V4AHM7_LOTGI, homeo_cgig_K1RZS7_CRAGI, homeo_cgig_A0A8W8I5K6_CRAGI, homeo_cgig_A0A8W8I4C7_CRAGI, homeo_cgig_A0A8W8I588_CRAGI, homeo_mcor_A0A6J8D371_MYTCO, homeo_spha_A0A812DX13_SEPPH, homeo_lgig_V3Z5W5_LOTGI, homeo_cgig_K1QUB8_CRAGI, homeo_mcor_A0A6J8B9F8_MYTCO, homeo_ofus_A0A8J1U7D2_OWEFU, homeo_ofus_A0A165US65_OWEFU, homeo_ctel_R7VF41_CAPTE, homeo_ctel_R7VL20_CAPTE, homeo_ctel_R7VKC4_CAPTE	homeo_ctel_R7VKC5_CAPTE
OG0000004	N0	n10	0.625		homeo_ctel_R7TJR3_CAPTE, homeo_ofus_A0A8S4PHK6_OWEFU, homeo_ofus_A0A8J1UN28_OWEFU, homeo_lgig_V4AHM7_LOTGI, homeo_cgig_K1RZS7_CRAGI, homeo_cgig_A0A8W8I5K6_CRAGI, homeo_cgig_A0A8W8I4C7_CRAGI, homeo_cgig_A0A8W8I588_CRAGI, homeo_mcor_A0A6J8D371_MYTCO	homeo_spha_A0A812DX13_SEPPH, homeo_lgig_V3Z5W5_LOTGI, homeo_cgig_K1QUB8_CRAGI, homeo_mcor_A0A6J8B9F8_MYTCO, homeo_ofus_A0A8J1U7D2_OWEFU, homeo_ofus_A0A165US65_OWEFU, homeo_ctel_R7VF41_CAPTE, homeo_ctel_R7VL20_CAPTE, homeo_ctel_R7VKC4_CAPTE
OG0000004	homeo_ofus	n13	1.0	Terminal	homeo_ofus_A0A8S4PHK6_OWEFU	homeo_ofus_A0A8J1UN28_OWEFU
OG0000004	homeo_cgig	n16	1.0	Terminal	homeo_cgig_K1RZS7_CRAGI, homeo_cgig_A0A8W8I5K6_CRAGI, homeo_cgig_A0A8W8I4C7_CRAGI	homeo_cgig_A0A8W8I588_CRAGI
OG0000004	homeo_cgig	n17	1.0	Terminal	homeo_cgig_K1RZS7_CRAGI, homeo_cgig_A0A8W8I5K6_CRAGI	homeo_cgig_A0A8W8I4C7_CRAGI
OG0000004	homeo_cgig	n18	1.0	Terminal	homeo_cgig_K1RZS7_CRAGI	homeo_cgig_A0A8W8I5K6_CRAGI
OG0000004	homeo_ofus	n24	1.0	Terminal	homeo_ofus_A0A8J1U7D2_OWEFU	homeo_ofus_A0A165US65_OWEFU
OG0000004	homeo_ctel	n25	1.0	Terminal	homeo_ctel_R7VF41_CAPTE, homeo_ctel_R7VL20_CAPTE	homeo_ctel_R7VKC4_CAPTE
OG0000004	homeo_ctel	n26	1.0	Terminal	homeo_ctel_R7VF41_CAPTE	homeo_ctel_R7VL20_CAPTE
OG0000005	homeo_ofus	n0	1.0	Terminal	homeo_ofus_A0A8J1YB92_OWEFU	homeo_ofus_A0A8J1V172_OWEFU, homeo_ofus_A0A8J1USW7_OWEFU, homeo_ofus_A0A8J1UZX7_OWEFU, homeo_ofus_A0A8J1UPZ6_OWEFU, homeo_ofus_A0A8J1Y877_OWEFU, homeo_ofus_A0A8J1TQ88_OWEFU, homeo_ofus_A0A8J1TRV9_OWEFU, homeo_ofus_A0A8J1TR92_OWEFU, homeo_ofus_A0A8J1U4C9_OWEFU, homeo_ofus_A0A8J1U6D9_OWEFU, homeo_ofus_A0A8S4N3U8_OWEFU, homeo_ofus_A0A8S4N396_OWEFU, homeo_ofus_A0A8J1XQ93_OWEFU, homeo_ofus_A0A8J1XNH8_OWEFU, homeo_ofus_A0A8J1T4Z9_OWEFU, homeo_ofus_A0A8J1T5W3_OWEFU, homeo_ofus_A0A8J1XFM8_OWEFU, homeo_ofus_A0A8J1XE80_OWEFU, homeo_ofus_A0A8J1T4Y5_OWEFU, homeo_ofus_A0A8J1XFB5_OWEFU, homeo_ofus_A0A8J1XFH6_OWEFU, homeo_ofus_A0A8J1TQ22_OWEFU
OG0000005	homeo_ofus	n1	1.0	Terminal	homeo_ofus_A0A8J1V172_OWEFU	homeo_ofus_A0A8J1USW7_OWEFU, homeo_ofus_A0A8J1UZX7_OWEFU, homeo_ofus_A0A8J1UPZ6_OWEFU, homeo_ofus_A0A8J1Y877_OWEFU, homeo_ofus_A0A8J1TQ88_OWEFU, homeo_ofus_A0A8J1TRV9_OWEFU, homeo_ofus_A0A8J1TR92_OWEFU, homeo_ofus_A0A8J1U4C9_OWEFU, homeo_ofus_A0A8J1U6D9_OWEFU, homeo_ofus_A0A8S4N3U8_OWEFU, homeo_ofus_A0A8S4N396_OWEFU, homeo_ofus_A0A8J1XQ93_OWEFU, homeo_ofus_A0A8J1XNH8_OWEFU, homeo_ofus_A0A8J1T4Z9_OWEFU, homeo_ofus_A0A8J1T5W3_OWEFU, homeo_ofus_A0A8J1XFM8_OWEFU, homeo_ofus_A0A8J1XE80_OWEFU, homeo_ofus_A0A8J1T4Y5_OWEFU, homeo_ofus_A0A8J1XFB5_OWEFU, homeo_ofus_A0A8J1XFH6_OWEFU, homeo_ofus_A0A8J1TQ22_OWEFU
OG0000005	homeo_ofus	n2	1.0	Terminal	homeo_ofus_A0A8J1USW7_OWEFU	homeo_ofus_A0A8J1UZX7_OWEFU, homeo_ofus_A0A8J1UPZ6_OWEFU, homeo_ofus_A0A8J1Y877_OWEFU, homeo_ofus_A0A8J1TQ88_OWEFU, homeo_ofus_A0A8J1TRV9_OWEFU, homeo_ofus_A0A8J1TR92_OWEFU, homeo_ofus_A0A8J1U4C9_OWEFU, homeo_ofus_A0A8J1U6D9_OWEFU, homeo_ofus_A0A8S4N3U8_OWEFU, homeo_ofus_A0A8S4N396_OWEFU, homeo_ofus_A0A8J1XQ93_OWEFU, homeo_ofus_A0A8J1XNH8_OWEFU, homeo_ofus_A0A8J1T4Z9_OWEFU, homeo_ofus_A0A8J1T5W3_OWEFU, homeo_ofus_A0A8J1XFM8_OWEFU, homeo_ofus_A0A8J1XE80_OWEFU, homeo_ofus_A0A8J1T4Y5_OWEFU, homeo_ofus_A0A8J1XFB5_OWEFU, homeo_ofus_A0A8J1XFH6_OWEFU, homeo_ofus_A0A8J1TQ22_OWEFU
OG0000005	homeo_ofus	n3	1.0	Terminal	homeo_ofus_A0A8J1UZX7_OWEFU	homeo_ofus_A0A8J1UPZ6_OWEFU, homeo_ofus_A0A8J1Y877_OWEFU, homeo_ofus_A0A8J1TQ88_OWEFU, homeo_ofus_A0A8J1TRV9_OWEFU, homeo_ofus_A0A8J1TR92_OWEFU, homeo_ofus_A0A8J1U4C9_OWEFU, homeo_ofus_A0A8J1U6D9_OWEFU, homeo_ofus_A0A8S4N3U8_OWEFU, homeo_ofus_A0A8S4N396_OWEFU, homeo_ofus_A0A8J1XQ93_OWEFU, homeo_ofus_A0A8J1XNH8_OWEFU, homeo_ofus_A0A8J1T4Z9_OWEFU, homeo_ofus_A0A8J1T5W3_OWEFU, homeo_ofus_A0A8J1XFM8_OWEFU, homeo_ofus_A0A8J1XE80_OWEFU, homeo_ofus_A0A8J1T4Y5_OWEFU, homeo_ofus_A0A8J1XFB5_OWEFU, homeo_ofus_A0A8J1XFH6_OWEFU, homeo_ofus_A0A8J1TQ22_OWEFU
OG0000005	homeo_ofus	n4	1.0	Terminal	homeo_ofus_A0A8J1UPZ6_OWEFU	homeo_ofus_A0A8J1Y877_OWEFU, homeo_ofus_A0A8J1TQ88_OWEFU, homeo_ofus_A0A8J1TRV9_OWEFU, homeo_ofus_A0A8J1TR92_OWEFU, homeo_ofus_A0A8J1U4C9_OWEFU, homeo_ofus_A0A8J1U6D9_OWEFU, homeo_ofus_A0A8S4N3U8_OWEFU, homeo_ofus_A0A8S4N396_OWEFU, homeo_ofus_A0A8J1XQ93_OWEFU, homeo_ofus_A0A8J1XNH8_OWEFU, homeo_ofus_A0A8J1T4Z9_OWEFU, homeo_ofus_A0A8J1T5W3_OWEFU, homeo_ofus_A0A8J1XFM8_OWEFU, homeo_ofus_A0A8J1XE80_OWEFU, homeo_ofus_A0A8J1T4Y5_OWEFU, homeo_ofus_A0A8J1XFB5_OWEFU, homeo_ofus_A0A8J1XFH6_OWEFU, homeo_ofus_A0A8J1TQ22_OWEFU
OG0000005	homeo_ofus	n5	1.0	Terminal	homeo_ofus_A0A8J1Y877_OWEFU	homeo_ofus_A0A8J1TQ88_OWEFU, homeo_ofus_A0A8J1TRV9_OWEFU, homeo_ofus_A0A8J1TR92_OWEFU, homeo_ofus_A0A8J1U4C9_OWEFU, homeo_ofus_A0A8J1U6D9_OWEFU, homeo_ofus_A0A8S4N3U8_OWEFU, homeo_ofus_A0A8S4N396_OWEFU, homeo_ofus_A0A8J1XQ93_OWEFU, homeo_ofus_A0A8J1XNH8_OWEFU, homeo_ofus_A0A8J1T4Z9_OWEFU, homeo_ofus_A0A8J1T5W3_OWEFU, homeo_ofus_A0A8J1XFM8_OWEFU, homeo_ofus_A0A8J1XE80_OWEFU, homeo_ofus_A0A8J1T4Y5_OWEFU, homeo_ofus_A0A8J1XFB5_OWEFU, homeo_ofus_A0A8J1XFH6_OWEFU, homeo_ofus_A0A8J1TQ22_OWEFU
OG0000005	homeo_ofus	n6	1.0	Terminal	homeo_ofus_A0A8J1TQ88_OWEFU, homeo_ofus_A0A8J1TRV9_OWEFU, homeo_ofus_A0A8J1TR92_OWEFU	homeo_ofus_A0A8J1U4C9_OWEFU, homeo_ofus_A0A8J1U6D9_OWEFU, homeo_ofus_A0A8S4N3U8_OWEFU, homeo_ofus_A0A8S4N396_OWEFU, homeo_ofus_A0A8J1XQ93_OWEFU, homeo_ofus_A0A8J1XNH8_OWEFU, homeo_ofus_A0A8J1T4Z9_OWEFU, homeo_ofus_A0A8J1T5W3_OWEFU, homeo_ofus_A0A8J1XFM8_OWEFU, homeo_ofus_A0A8J1XE80_OWEFU, homeo_ofus_A0A8J1T4Y5_OWEFU, homeo_ofus_A0A8J1XFB5_OWEFU, homeo_ofus_A0A8J1XFH6_OWEFU, homeo_ofus_A0A8J1TQ22_OWEFU
OG0000005	homeo_ofus	n7	1.0	Terminal	homeo_ofus_A0A8J1TQ88_OWEFU, homeo_ofus_A0A8J1TRV9_OWEFU	homeo_ofus_A0A8J1TR92_OWEFU
OG0000005	homeo_ofus	n8	1.0	Terminal	homeo_ofus_A0A8J1TQ88_OWEFU	homeo_ofus_A0A8J1TRV9_OWEFU
OG0000005	homeo_ofus	n9	1.0	Terminal	homeo_ofus_A0A8J1U4C9_OWEFU, homeo_ofus_A0A8J1U6D9_OWEFU, homeo_ofus_A0A8S4N3U8_OWEFU, homeo_ofus_A0A8S4N396_OWEFU, homeo_ofus_A0A8J1XQ93_OWEFU, homeo_ofus_A0A8J1XNH8_OWEFU, homeo_ofus_A0A8J1T4Z9_OWEFU, homeo_ofus_A0A8J1T5W3_OWEFU, homeo_ofus_A0A8J1XFM8_OWEFU, homeo_ofus_A0A8J1XE80_OWEFU, homeo_ofus_A0A8J1T4Y5_OWEFU, homeo_ofus_A0A8J1XFB5_OWEFU, homeo_ofus_A0A8J1XFH6_OWEFU	homeo_ofus_A0A8J1TQ22_OWEFU
OG0000005	homeo_ofus	n10	1.0	Terminal	homeo_ofus_A0A8J1U4C9_OWEFU, homeo_ofus_A0A8J1U6D9_OWEFU, homeo_ofus_A0A8S4N3U8_OWEFU, homeo_ofus_A0A8S4N396_OWEFU, homeo_ofus_A0A8J1XQ93_OWEFU, homeo_ofus_A0A8J1XNH8_OWEFU	homeo_ofus_A0A8J1T4Z9_OWEFU, homeo_ofus_A0A8J1T5W3_OWEFU, homeo_ofus_A0A8J1XFM8_OWEFU, homeo_ofus_A0A8J1XE80_OWEFU, homeo_ofus_A0A8J1T4Y5_OWEFU, homeo_ofus_A0A8J1XFB5_OWEFU, homeo_ofus_A0A8J1XFH6_OWEFU
OG0000005	homeo_ofus	n11	1.0	Terminal	homeo_ofus_A0A8J1U4C9_OWEFU, homeo_ofus_A0A8J1U6D9_OWEFU	homeo_ofus_A0A8S4N3U8_OWEFU, homeo_ofus_A0A8S4N396_OWEFU, homeo_ofus_A0A8J1XQ93_OWEFU, homeo_ofus_A0A8J1XNH8_OWEFU
OG0000005	homeo_ofus	n12	1.0	Terminal	homeo_ofus_A0A8J1U4C9_OWEFU	homeo_ofus_A0A8J1U6D9_OWEFU
OG0000005	homeo_ofus	n13	1.0	Terminal	homeo_ofus_A0A8S4N3U8_OWEFU, homeo_ofus_A0A8S4N396_OWEFU, homeo_ofus_A0A8J1XQ93_OWEFU	homeo_ofus_A0A8J1XNH8_OWEFU
OG0000005	homeo_ofus	n14	1.0	Terminal	homeo_ofus_A0A8S4N3U8_OWEFU, homeo_ofus_A0A8S4N396_OWEFU	homeo_ofus_A0A8J1XQ93_OWEFU
OG0000005	homeo_ofus	n15	1.0	Terminal	homeo_ofus_A0A8S4N3U8_OWEFU	homeo_ofus_A0A8S4N396_OWEFU
OG0000005	homeo_ofus	n16	1.0	Terminal	homeo_ofus_A0A8J1T4Z9_OWEFU, homeo_ofus_A0A8J1T5W3_OWEFU, homeo_ofus_A0A8J1XFM8_OWEFU, homeo_ofus_A0A8J1XE80_OWEFU, homeo_ofus_A0A8J1T4Y5_OWEFU, homeo_ofus_A0A8J1XFB5_OWEFU	homeo_ofus_A0A8J1XFH6_OWEFU
OG0000005	homeo_ofus	n17	1.0	Terminal	homeo_ofus_A0A8J1T4Z9_OWEFU, homeo_ofus_A0A8J1T5W3_OWEFU	homeo_ofus_A0A8J1XFM8_OWEFU, homeo_ofus_A0A8J1XE80_OWEFU, homeo_ofus_A0A8J1T4Y5_OWEFU, homeo_ofus_A0A8J1XFB5_OWEFU
OG0000005	homeo_ofus	n18	1.0	Terminal	homeo_ofus_A0A8J1T4Z9_OWEFU	homeo_ofus_A0A8J1T5W3_OWEFU
OG0000005	homeo_ofus	n19	1.0	Terminal	homeo_ofus_A0A8J1XFM8_OWEFU, homeo_ofus_A0A8J1XE80_OWEFU	homeo_ofus_A0A8J1T4Y5_OWEFU, homeo_ofus_A0A8J1XFB5_OWEFU
OG0000005	homeo_ofus	n20	1.0	Terminal	homeo_ofus_A0A8J1XFM8_OWEFU	homeo_ofus_A0A8J1XE80_OWEFU
OG0000005	homeo_ofus	n21	1.0	Terminal	homeo_ofus_A0A8J1T4Y5_OWEFU	homeo_ofus_A0A8J1XFB5_OWEFU
OG0000006	homeo_spha	n1	1.0	Terminal	homeo_spha_A0A812BPP8_SEPPH	homeo_spha_A0A812BJL2_SEPPH
OG0000006	N0	n2	0.625		homeo_ofus_A0A8J1U651_OWEFU, homeo_cgig_K1QSB6_CRAGI, homeo_cgig_A0A8W8IBN2_CRAGI, homeo_mcor_A0A6J8DH72_MYTCO, homeo_mcor_A0A6J8DEH6_MYTCO, homeo_pele_Pele_DN144533_c0_g2_i7.p1^, homeo_lgig_V4AF73_LOTGI, homeo_cgig_K1PKC2_CRAGI, homeo_ctel_R7TSQ2_CAPTE, homeo_pdum_Pdum_DN79817_c0_g1_i1.p1^	homeo_pele_Pele_DN148207_c5_g3_i3.p1^, homeo_ofus_A0A8J1TZU4_OWEFU, homeo_pdum_Pdum_DN88717_c4_g1_i3.p1^, homeo_cgig_K1Q1J3_CRAGI, homeo_cgig_A0A8W8L446_CRAGI, homeo_ctel_R7UQU2_CAPTE
OG0000006	N0	n5	0.125		homeo_cgig_K1QSB6_CRAGI, homeo_cgig_A0A8W8IBN2_CRAGI, homeo_mcor_A0A6J8DH72_MYTCO, homeo_mcor_A0A6J8DEH6_MYTCO	homeo_pele_Pele_DN144533_c0_g2_i7.p1^, homeo_lgig_V4AF73_LOTGI, homeo_cgig_K1PKC2_CRAGI, homeo_ctel_R7TSQ2_CAPTE
OG0000006	homeo_cgig	n7	1.0	Terminal	homeo_cgig_K1QSB6_CRAGI	homeo_cgig_A0A8W8IBN2_CRAGI
OG0000006	homeo_mcor	n8	1.0	Terminal	homeo_mcor_A0A6J8DH72_MYTCO	homeo_mcor_A0A6J8DEH6_MYTCO
OG0000006	homeo_cgig	n16	1.0	Terminal	homeo_cgig_K1Q1J3_CRAGI	homeo_cgig_A0A8W8L446_CRAGI
OG0000007	N0	n0	0.875		homeo_pele_Pele_DN145787_c0_g1_i7.p1^, homeo_pdum_Pdum_DN86128_c0_g1_i2.p1^, homeo_ofus_A0A8S4MXX6_OWEFU, homeo_ctel_R7TDU7_CAPTE, homeo_ctel_B6RFX9_CAPTE, homeo_mcor_A0A6J8EWP7_MYTCO, homeo_cgig_A0A8W8MTX2_CRAGI, homeo_cgig_A0A8W8N115_CRAGI, homeo_cgig_A0A8W8N1M3_CRAGI, homeo_cgig_K1QW78_CRAGI, homeo_lgig_V4AG11_LOTGI	homeo_pdum_Pdum_DN87433_c1_g1_i2.p1^, homeo_cgig_K1RXD0_CRAGI, homeo_mcor_A0A6J8EWJ3_MYTCO, homeo_lgig_V4CL38_LOTGI, homeo_ofus_A0A8J1Y090_OWEFU, homeo_ctel_B6RFY0_CAPTE, homeo_pele_Pele_DN164572_c3_g2_i2.p1^
OG0000007	homeo_ctel	n6	1.0	Terminal	homeo_ctel_R7TDU7_CAPTE	homeo_ctel_B6RFX9_CAPTE
OG0000007	homeo_cgig	n8	1.0	Terminal	homeo_cgig_A0A8W8MTX2_CRAGI	homeo_cgig_A0A8W8N115_CRAGI, homeo_cgig_A0A8W8N1M3_CRAGI, homeo_cgig_K1QW78_CRAGI
OG0000007	homeo_cgig	n9	1.0	Terminal	homeo_cgig_A0A8W8N115_CRAGI	homeo_cgig_A0A8W8N1M3_CRAGI, homeo_cgig_K1QW78_CRAGI
OG0000007	homeo_cgig	n10	1.0	Terminal	homeo_cgig_A0A8W8N1M3_CRAGI	homeo_cgig_K1QW78_CRAGI
OG0000008	N2	n2	0.2		homeo_ofus_A0A8S4Q9T7_OWEFU	homeo_cgig_A0A8W8ID58_CRAGI, homeo_cgig_A0A8W8IDF2_CRAGI, homeo_cgig_K1R2U9_CRAGI, homeo_cgig_A0A8W8IBL0_CRAGI, homeo_cgig_A0A8W8ID51_CRAGI, homeo_mcor_A0A6J8DAR7_MYTCO, homeo_mcor_A0A6J8DBP9_MYTCO, homeo_lgig_A0A0B6VH88_LOTGI, homeo_lgig_V4A346_LOTGI, homeo_ofus_A0A8S4Q800_OWEFU, homeo_ofus_A0A165USE9_OWEFU, homeo_ofus_A0A8J1XWV6_OWEFU
OG0000008	homeo_cgig	n6	1.0	Terminal	homeo_cgig_A0A8W8ID58_CRAGI, homeo_cgig_A0A8W8IDF2_CRAGI, homeo_cgig_K1R2U9_CRAGI, homeo_cgig_A0A8W8IBL0_CRAGI	homeo_cgig_A0A8W8ID51_CRAGI
OG0000008	homeo_cgig	n7	1.0	Terminal	homeo_cgig_A0A8W8ID58_CRAGI, homeo_cgig_A0A8W8IDF2_CRAGI	homeo_cgig_K1R2U9_CRAGI, homeo_cgig_A0A8W8IBL0_CRAGI
OG0000008	homeo_cgig	n8	1.0	Terminal	homeo_cgig_A0A8W8ID58_CRAGI	homeo_cgig_A0A8W8IDF2_CRAGI
OG0000008	homeo_cgig	n9	1.0	Terminal	homeo_cgig_K1R2U9_CRAGI	homeo_cgig_A0A8W8IBL0_CRAGI
OG0000008	homeo_mcor	n10	1.0	Terminal	homeo_mcor_A0A6J8DAR7_MYTCO	homeo_mcor_A0A6J8DBP9_MYTCO
OG0000008	homeo_lgig	n11	1.0	Terminal	homeo_lgig_A0A0B6VH88_LOTGI	homeo_lgig_V4A346_LOTGI
OG0000008	homeo_ofus	n12	1.0	Terminal	homeo_ofus_A0A8S4Q800_OWEFU	homeo_ofus_A0A165USE9_OWEFU, homeo_ofus_A0A8J1XWV6_OWEFU
OG0000008	homeo_ofus	n13	1.0	Terminal	homeo_ofus_A0A165USE9_OWEFU	homeo_ofus_A0A8J1XWV6_OWEFU
OG0000008	homeo_pele	n14	1.0	Terminal	homeo_pele_Pele_DN134776_c0_g1_i1.p1^	homeo_pele_Pele_DN126275_c0_g1_i2.p1^, homeo_pele_Pele_DN102397_c0_g1_i1.p1^
OG0000008	homeo_pele	n15	1.0	Terminal	homeo_pele_Pele_DN126275_c0_g1_i2.p1^	homeo_pele_Pele_DN102397_c0_g1_i1.p1^
OG0000009	N0	n1	0.25		homeo_ofus_A0A8J1T4P3_OWEFU, homeo_ofus_A0A8J1T4X5_OWEFU, homeo_ctel_R7V9E7_CAPTE, homeo_spha_A0A812EU87_SEPPH, homeo_lgig_V3ZVS2_LOTGI, homeo_mcor_A0A6J8CLR7_MYTCO, homeo_cgig_K1S2R0_CRAGI, homeo_cgig_A0A8W8IMV1_CRAGI, homeo_cgig_A0A8W8IM65_CRAGI, homeo_cgig_A0A8W8INQ7_CRAGI, homeo_cgig_K1QXJ5_CRAGI, homeo_mcor_A0A6J8CIY4_MYTCO	homeo_ctel_R7V8E6_CAPTE, homeo_pele_Pele_DN143640_c0_g2_i1.p1^, homeo_pele_Pele_DN158688_c0_g2_i1.p1^, homeo_lgig_V3ZL81_LOTGI
OG0000009	homeo_ofus	n4	1.0	Terminal	homeo_ofus_A0A8J1T4P3_OWEFU	homeo_ofus_A0A8J1T4X5_OWEFU
OG0000009	N6	n7	1.0		homeo_mcor_A0A6J8CLR7_MYTCO, homeo_cgig_K1S2R0_CRAGI, homeo_cgig_A0A8W8IMV1_CRAGI	homeo_cgig_A0A8W8IM65_CRAGI, homeo_cgig_A0A8W8INQ7_CRAGI, homeo_cgig_K1QXJ5_CRAGI, homeo_mcor_A0A6J8CIY4_MYTCO
OG0000009	homeo_cgig	n9	1.0	Terminal	homeo_cgig_K1S2R0_CRAGI	homeo_cgig_A0A8W8IMV1_CRAGI
OG0000009	homeo_cgig	n11	1.0	Terminal	homeo_cgig_A0A8W8IM65_CRAGI, homeo_cgig_A0A8W8INQ7_CRAGI	homeo_cgig_K1QXJ5_CRAGI
OG0000009	homeo_cgig	n12	1.0	Terminal	homeo_cgig_A0A8W8IM65_CRAGI	homeo_cgig_A0A8W8INQ7_CRAGI
OG0000009	homeo_pele	n15	1.0	Terminal	homeo_pele_Pele_DN143640_c0_g2_i1.p1^	homeo_pele_Pele_DN158688_c0_g2_i1.p1^
OG0000010	N0	n0	0.625		homeo_lgig_V4BUI5_LOTGI, homeo_pdum_Pdum_DN83264_c1_g2_i1.p1^, homeo_mcor_A0A6J8AYI9_MYTCO, homeo_cgig_A0A8W8L0Q8_CRAGI, homeo_cgig_K1QGS5_CRAGI, homeo_pele_Pele_DN134626_c0_g2_i1.p1^, homeo_spha_A0A812EIQ4_SEPPH, homeo_ofus_A0A8J1U072_OWEFU, homeo_ctel_R7TEF8_CAPTE	homeo_ofus_A0A8J1TY94_OWEFU, homeo_ctel_R7T8A8_CAPTE, homeo_cgig_K1R2K0_CRAGI, homeo_cgig_A0A8W8KX13_CRAGI, homeo_lgig_V3ZMY7_LOTGI, homeo_mcor_A0A6J8B0Y3_MYTCO, homeo_mcor_A0A6J8AXF0_MYTCO, homeo_mcor_A0A6J8AD85_MYTCO
OG0000010	homeo_cgig	n8	1.0	Terminal	homeo_cgig_A0A8W8L0Q8_CRAGI	homeo_cgig_K1QGS5_CRAGI
OG0000010	homeo_cgig	n12	1.0	Terminal	homeo_cgig_K1R2K0_CRAGI	homeo_cgig_A0A8W8KX13_CRAGI
OG0000010	homeo_mcor	n14	1.0	Terminal	homeo_mcor_A0A6J8B0Y3_MYTCO	homeo_mcor_A0A6J8AXF0_MYTCO, homeo_mcor_A0A6J8AD85_MYTCO
OG0000010	homeo_mcor	n15	1.0	Terminal	homeo_mcor_A0A6J8AXF0_MYTCO	homeo_mcor_A0A6J8AD85_MYTCO
OG0000011	N0	n0	0.375		homeo_cgig_K1PAC6_CRAGI, homeo_cgig_A0A8W8NHM8_CRAGI, homeo_cgig_A0A8W8NPX1_CRAGI, homeo_mcor_A0A6J8DUM5_MYTCO, homeo_ofus_A0A165US84_OWEFU, homeo_pdum_Pdum_DN70407_c0_g2_i8.p1^, homeo_ctel_A6XFC4_CAPTE, homeo_ctel_I2CHN7_CAPTE, homeo_ctel_I2CHN6_CAPTE, homeo_ctel_R7UJW8_CAPTE, homeo_lgig_V3ZS97_LOTGI	homeo_pele_Pele_DN161083_c3_g4_i2.p1^, homeo_lgig_V4BYW7_LOTGI, homeo_spha_A0A812BNP1_SEPPH, homeo_mcor_A0A6J8DQU1_MYTCO, homeo_cgig_A0A8W8NKY1_CRAGI, homeo_cgig_K1QA73_CRAGI
OG0000011	homeo_cgig	n5	1.0	Terminal	homeo_cgig_K1PAC6_CRAGI	homeo_cgig_A0A8W8NHM8_CRAGI, homeo_cgig_A0A8W8NPX1_CRAGI
OG0000011	homeo_cgig	n6	1.0	Terminal	homeo_cgig_A0A8W8NHM8_CRAGI	homeo_cgig_A0A8W8NPX1_CRAGI
OG0000011	homeo_ctel	n8	1.0	Terminal	homeo_ctel_A6XFC4_CAPTE, homeo_ctel_I2CHN7_CAPTE, homeo_ctel_I2CHN6_CAPTE	homeo_ctel_R7UJW8_CAPTE
OG0000011	homeo_ctel	n9	1.0	Terminal	homeo_ctel_A6XFC4_CAPTE, homeo_ctel_I2CHN7_CAPTE	homeo_ctel_I2CHN6_CAPTE
OG0000011	homeo_ctel	n10	1.0	Terminal	homeo_ctel_A6XFC4_CAPTE	homeo_ctel_I2CHN7_CAPTE
OG0000011	homeo_cgig	n15	1.0	Terminal	homeo_cgig_A0A8W8NKY1_CRAGI	homeo_cgig_K1QA73_CRAGI
OG0000012	N0	n1	0.25		homeo_spha_A0A812B8U9_SEPPH, homeo_ctel_R7T5K2_CAPTE, homeo_ctel_Q4JEV7_CAPTE	homeo_spha_A0A812B9P4_SEPPH, homeo_pele_Pele_DN160581_c0_g1_i5.p1^, homeo_lgig_V3ZYQ4_LOTGI, homeo_lgig_V4A376_LOTGI, homeo_ctel_R7T5Y1_CAPTE
OG0000012	homeo_ctel	n3	1.0	Terminal	homeo_ctel_R7T5K2_CAPTE	homeo_ctel_Q4JEV7_CAPTE
OG0000012	homeo_lgig	n7	1.0	Terminal	homeo_lgig_V3ZYQ4_LOTGI	homeo_lgig_V4A376_LOTGI
OG0000012	homeo_ofus	n10	1.0	Terminal	homeo_ofus_A0A8J1TNT9_OWEFU	homeo_ofus_A0A8S4N3Y9_OWEFU
OG0000012	homeo_cgig	n12	1.0	Terminal	homeo_cgig_A0A8W8N8Z0_CRAGI, homeo_cgig_K1PNG1_CRAGI	homeo_cgig_K1PW38_CRAGI
OG0000012	homeo_cgig	n13	1.0	Terminal	homeo_cgig_A0A8W8N8Z0_CRAGI	homeo_cgig_K1PNG1_CRAGI
OG0000012	homeo_mcor	n14	1.0	Terminal	homeo_mcor_A0A6J8DJ46_MYTCO	homeo_mcor_A0A6J8DK06_MYTCO
OG0000013	N0	n1	0.625		homeo_lgig_V4BAL1_LOTGI, homeo_ofus_A0A8J1UD53_OWEFU, homeo_mcor_A0A6J8EU52_MYTCO, homeo_cgig_A0A8W8N110_CRAGI, homeo_cgig_A0A8W8N1L7_CRAGI, homeo_cgig_K1RHX0_CRAGI, homeo_cgig_A0A8W8N1L2_CRAGI, homeo_ctel_B6RFX8_CAPTE, homeo_pdum_Pdum_DN87922_c0_g1_i6.p1^	homeo_ctel_R7TDR8_CAPTE, homeo_ctel_B6RFY3_CAPTE, homeo_ofus_A0A8J1UCV7_OWEFU, homeo_lgig_V4AZ19_LOTGI, homeo_mcor_A0A6J8EUM6_MYTCO, homeo_pdum_Pdum_DN92432_c4_g1_i1.p1^
OG0000013	homeo_cgig	n6	1.0	Terminal	homeo_cgig_A0A8W8N110_CRAGI	homeo_cgig_A0A8W8N1L7_CRAGI, homeo_cgig_K1RHX0_CRAGI, homeo_cgig_A0A8W8N1L2_CRAGI
OG0000013	homeo_cgig	n7	1.0	Terminal	homeo_cgig_A0A8W8N1L7_CRAGI, homeo_cgig_K1RHX0_CRAGI	homeo_cgig_A0A8W8N1L2_CRAGI
OG0000013	homeo_cgig	n8	1.0	Terminal	homeo_cgig_A0A8W8N1L7_CRAGI	homeo_cgig_K1RHX0_CRAGI
OG0000013	homeo_ctel	n12	1.0	Terminal	homeo_ctel_R7TDR8_CAPTE	homeo_ctel_B6RFY3_CAPTE
OG0000014	homeo_ctel	n3	1.0	Terminal	homeo_ctel_R7ULV8_CAPTE, homeo_ctel_C4MK38_CAPTE, homeo_ctel_C4MK39_CAPTE	homeo_ctel_R7UKD7_CAPTE
OG0000014	homeo_ctel	n4	1.0	Terminal	homeo_ctel_R7ULV8_CAPTE, homeo_ctel_C4MK38_CAPTE	homeo_ctel_C4MK39_CAPTE
OG0000014	homeo_ctel	n5	1.0	Terminal	homeo_ctel_R7ULV8_CAPTE	homeo_ctel_C4MK38_CAPTE
OG0000014	homeo_ofus	n8	1.0	Terminal	homeo_ofus_A0A8J1XXX6_OWEFU, homeo_ofus_A0A2I6QBN3_OWEFU, homeo_ofus_A0A8J1XW66_OWEFU	homeo_ofus_A0A8J1U7M4_OWEFU
OG0000014	homeo_ofus	n9	1.0	Terminal	homeo_ofus_A0A8J1XXX6_OWEFU, homeo_ofus_A0A2I6QBN3_OWEFU	homeo_ofus_A0A8J1XW66_OWEFU
OG0000014	homeo_ofus	n10	1.0	Terminal	homeo_ofus_A0A8J1XXX6_OWEFU	homeo_ofus_A0A2I6QBN3_OWEFU
OG0000014	homeo_cgig	n12	1.0	Terminal	homeo_cgig_K1QCU1_CRAGI, homeo_cgig_A0A8W8I780_CRAGI	homeo_cgig_A0A8W8I5P7_CRAGI
OG0000014	homeo_cgig	n13	1.0	Terminal	homeo_cgig_K1QCU1_CRAGI	homeo_cgig_A0A8W8I780_CRAGI
OG0000015	homeo_ctel	n2	1.0	Terminal	homeo_ctel_R7T846_CAPTE	homeo_ctel_R7TFH5_CAPTE
OG0000015	homeo_cgig	n5	1.0	Terminal	homeo_cgig_A0A8W8IY98_CRAGI, homeo_cgig_K1QPR6_CRAGI, homeo_cgig_A0A8W8J181_CRAGI, homeo_cgig_A0A8W8IZU2_CRAGI	homeo_cgig_A0A8W8J275_CRAGI
OG0000015	homeo_cgig	n6	1.0	Terminal	homeo_cgig_A0A8W8IY98_CRAGI	homeo_cgig_K1QPR6_CRAGI, homeo_cgig_A0A8W8J181_CRAGI, homeo_cgig_A0A8W8IZU2_CRAGI
OG0000015	homeo_cgig	n7	1.0	Terminal	homeo_cgig_K1QPR6_CRAGI, homeo_cgig_A0A8W8J181_CRAGI	homeo_cgig_A0A8W8IZU2_CRAGI
OG0000015	homeo_cgig	n8	1.0	Terminal	homeo_cgig_K1QPR6_CRAGI	homeo_cgig_A0A8W8J181_CRAGI
OG0000015	N2	n9	0.4		homeo_ofus_A0A8J1XFN8_OWEFU, homeo_ofus_A0A2I6QBP3_OWEFU, homeo_lgig_V4CK27_LOTGI, homeo_lgig_V4AEW6_LOTGI	homeo_ofus_A0A2I6QBN9_OWEFU, homeo_lgig_V4AYB9_LOTGI
OG0000015	homeo_ofus	n11	1.0	Terminal	homeo_ofus_A0A8J1XFN8_OWEFU	homeo_ofus_A0A2I6QBP3_OWEFU
OG0000015	homeo_lgig	n12	1.0	Terminal	homeo_lgig_V4CK27_LOTGI	homeo_lgig_V4AEW6_LOTGI
OG0000016	N0	n2	0.25		homeo_cgig_A0A8W8LHX8_CRAGI, homeo_cgig_K1RE41_CRAGI, homeo_cgig_A0A8W8LGC0_CRAGI, homeo_cgig_A0A8W8LMC2_CRAGI, homeo_mcor_A0A6J8AS36_MYTCO, homeo_spha_A0A812DQW3_SEPPH, homeo_lgig_V4AKS9_LOTGI, homeo_lgig_A0A0B6VJM6_LOTGI, homeo_ofus_A0A8J1UHP7_OWEFU, homeo_ofus_A0A8J1UEH4_OWEFU	homeo_ofus_A0A8J1Y336_OWEFU, homeo_lgig_V4CQS4_LOTGI, homeo_pele_Pele_DN143372_c0_g1_i3.p1^
OG0000016	homeo_cgig	n6	1.0	Terminal	homeo_cgig_A0A8W8LHX8_CRAGI, homeo_cgig_K1RE41_CRAGI, homeo_cgig_A0A8W8LGC0_CRAGI	homeo_cgig_A0A8W8LMC2_CRAGI
OG0000016	homeo_cgig	n7	1.0	Terminal	homeo_cgig_A0A8W8LHX8_CRAGI, homeo_cgig_K1RE41_CRAGI	homeo_cgig_A0A8W8LGC0_CRAGI
OG0000016	homeo_cgig	n8	1.0	Terminal	homeo_cgig_A0A8W8LHX8_CRAGI	homeo_cgig_K1RE41_CRAGI
OG0000016	homeo_lgig	n10	1.0	Terminal	homeo_lgig_V4AKS9_LOTGI	homeo_lgig_A0A0B6VJM6_LOTGI
OG0000016	homeo_ofus	n11	1.0	Terminal	homeo_ofus_A0A8J1UHP7_OWEFU	homeo_ofus_A0A8J1UEH4_OWEFU
OG0000017	homeo_ctel	n4	1.0	Terminal	homeo_ctel_R7TLA4_CAPTE	homeo_ctel_B6RFX6_CAPTE
OG0000017	homeo_cgig	n7	1.0	Terminal	homeo_cgig_A0A8W8MTV1_CRAGI, homeo_cgig_A0A8W8MYP5_CRAGI	homeo_cgig_A0A8W8N1I9_CRAGI, homeo_cgig_K1QFQ3_CRAGI, homeo_cgig_A0A8W8N4T0_CRAGI, homeo_cgig_A0A8W8MYP1_CRAGI, homeo_cgig_A0A8W8N4S5_CRAGI, homeo_cgig_A0A8W8N4T5_CRAGI
OG0000017	homeo_cgig	n8	1.0	Terminal	homeo_cgig_A0A8W8MTV1_CRAGI	homeo_cgig_A0A8W8MYP5_CRAGI
OG0000017	homeo_cgig	n9	1.0	Terminal	homeo_cgig_A0A8W8N1I9_CRAGI, homeo_cgig_K1QFQ3_CRAGI, homeo_cgig_A0A8W8N4T0_CRAGI, homeo_cgig_A0A8W8MYP1_CRAGI, homeo_cgig_A0A8W8N4S5_CRAGI	homeo_cgig_A0A8W8N4T5_CRAGI
OG0000017	homeo_cgig	n10	1.0	Terminal	homeo_cgig_A0A8W8N1I9_CRAGI, homeo_cgig_K1QFQ3_CRAGI, homeo_cgig_A0A8W8N4T0_CRAGI, homeo_cgig_A0A8W8MYP1_CRAGI	homeo_cgig_A0A8W8N4S5_CRAGI
OG0000017	homeo_cgig	n11	1.0	Terminal	homeo_cgig_A0A8W8N1I9_CRAGI, homeo_cgig_K1QFQ3_CRAGI, homeo_cgig_A0A8W8N4T0_CRAGI	homeo_cgig_A0A8W8MYP1_CRAGI
OG0000017	homeo_cgig	n12	1.0	Terminal	homeo_cgig_A0A8W8N1I9_CRAGI	homeo_cgig_K1QFQ3_CRAGI, homeo_cgig_A0A8W8N4T0_CRAGI
OG0000017	homeo_cgig	n13	1.0	Terminal	homeo_cgig_K1QFQ3_CRAGI	homeo_cgig_A0A8W8N4T0_CRAGI
OG0000018	homeo_mcor	n1	1.0	Terminal	homeo_mcor_A0A6J8A630_MYTCO, homeo_mcor_A0A6J8A2P8_MYTCO	homeo_mcor_A0A6J8A3M5_MYTCO, homeo_mcor_A0A6J8A349_MYTCO, homeo_mcor_A0A6J8AIC8_MYTCO, homeo_mcor_A0A6J8AIL5_MYTCO, homeo_mcor_A0A6J8AKZ8_MYTCO, homeo_mcor_A0A6J8AIP0_MYTCO, homeo_mcor_A0A6J8A6Z5_MYTCO, homeo_mcor_A0A6J8A871_MYTCO, homeo_mcor_A0A6J8AIL6_MYTCO, homeo_mcor_A0A6J8C8D1_MYTCO, homeo_mcor_A0A6J8C8S9_MYTCO, homeo_mcor_A0A6J8CA61_MYTCO
OG0000018	homeo_mcor	n2	1.0	Terminal	homeo_mcor_A0A6J8A630_MYTCO	homeo_mcor_A0A6J8A2P8_MYTCO
OG0000018	homeo_mcor	n3	1.0	Terminal	homeo_mcor_A0A6J8A3M5_MYTCO, homeo_mcor_A0A6J8A349_MYTCO	homeo_mcor_A0A6J8AIC8_MYTCO, homeo_mcor_A0A6J8AIL5_MYTCO, homeo_mcor_A0A6J8AKZ8_MYTCO, homeo_mcor_A0A6J8AIP0_MYTCO, homeo_mcor_A0A6J8A6Z5_MYTCO, homeo_mcor_A0A6J8A871_MYTCO, homeo_mcor_A0A6J8AIL6_MYTCO, homeo_mcor_A0A6J8C8D1_MYTCO, homeo_mcor_A0A6J8C8S9_MYTCO, homeo_mcor_A0A6J8CA61_MYTCO
OG0000018	homeo_mcor	n4	1.0	Terminal	homeo_mcor_A0A6J8A3M5_MYTCO	homeo_mcor_A0A6J8A349_MYTCO
OG0000018	homeo_mcor	n5	1.0	Terminal	homeo_mcor_A0A6J8AIC8_MYTCO	homeo_mcor_A0A6J8AIL5_MYTCO, homeo_mcor_A0A6J8AKZ8_MYTCO, homeo_mcor_A0A6J8AIP0_MYTCO, homeo_mcor_A0A6J8A6Z5_MYTCO, homeo_mcor_A0A6J8A871_MYTCO, homeo_mcor_A0A6J8AIL6_MYTCO, homeo_mcor_A0A6J8C8D1_MYTCO, homeo_mcor_A0A6J8C8S9_MYTCO, homeo_mcor_A0A6J8CA61_MYTCO
OG0000018	homeo_mcor	n6	1.0	Terminal	homeo_mcor_A0A6J8AIL5_MYTCO, homeo_mcor_A0A6J8AKZ8_MYTCO, homeo_mcor_A0A6J8AIP0_MYTCO, homeo_mcor_A0A6J8A6Z5_MYTCO, homeo_mcor_A0A6J8A871_MYTCO, homeo_mcor_A0A6J8AIL6_MYTCO	homeo_mcor_A0A6J8C8D1_MYTCO, homeo_mcor_A0A6J8C8S9_MYTCO, homeo_mcor_A0A6J8CA61_MYTCO
OG0000018	homeo_mcor	n7	1.0	Terminal	homeo_mcor_A0A6J8AIL5_MYTCO, homeo_mcor_A0A6J8AKZ8_MYTCO, homeo_mcor_A0A6J8AIP0_MYTCO, homeo_mcor_A0A6J8A6Z5_MYTCO, homeo_mcor_A0A6J8A871_MYTCO	homeo_mcor_A0A6J8AIL6_MYTCO
OG0000018	homeo_mcor	n8	1.0	Terminal	homeo_mcor_A0A6J8AIL5_MYTCO, homeo_mcor_A0A6J8AKZ8_MYTCO, homeo_mcor_A0A6J8AIP0_MYTCO	homeo_mcor_A0A6J8A6Z5_MYTCO, homeo_mcor_A0A6J8A871_MYTCO
OG0000018	homeo_mcor	n9	1.0	Terminal	homeo_mcor_A0A6J8AIL5_MYTCO, homeo_mcor_A0A6J8AKZ8_MYTCO	homeo_mcor_A0A6J8AIP0_MYTCO
OG0000018	homeo_mcor	n10	1.0	Terminal	homeo_mcor_A0A6J8AIL5_MYTCO	homeo_mcor_A0A6J8AKZ8_MYTCO
OG0000018	homeo_mcor	n11	1.0	Terminal	homeo_mcor_A0A6J8A6Z5_MYTCO	homeo_mcor_A0A6J8A871_MYTCO
OG0000018	homeo_mcor	n12	1.0	Terminal	homeo_mcor_A0A6J8C8D1_MYTCO, homeo_mcor_A0A6J8C8S9_MYTCO	homeo_mcor_A0A6J8CA61_MYTCO
OG0000018	homeo_mcor	n13	1.0	Terminal	homeo_mcor_A0A6J8C8D1_MYTCO	homeo_mcor_A0A6J8C8S9_MYTCO
OG0000019	homeo_mcor	n4	1.0	Terminal	homeo_mcor_A0A6J7ZWY7_MYTCO, homeo_mcor_A0A6J7ZWH3_MYTCO	homeo_mcor_A0A6J8AYR7_MYTCO, homeo_mcor_A0A6J8AXM7_MYTCO
OG0000019	homeo_mcor	n5	1.0	Terminal	homeo_mcor_A0A6J7ZWY7_MYTCO	homeo_mcor_A0A6J7ZWH3_MYTCO
OG0000019	homeo_mcor	n6	1.0	Terminal	homeo_mcor_A0A6J8AYR7_MYTCO	homeo_mcor_A0A6J8AXM7_MYTCO
OG0000019	homeo_cgig	n7	1.0	Terminal	homeo_cgig_A0A8W8MBS7_CRAGI, homeo_cgig_A0A8W8ML63_CRAGI	homeo_cgig_K1RYM7_CRAGI, homeo_cgig_A0A8W8MC90_CRAGI
OG0000019	homeo_cgig	n8	1.0	Terminal	homeo_cgig_A0A8W8MBS7_CRAGI	homeo_cgig_A0A8W8ML63_CRAGI
OG0000019	homeo_cgig	n9	1.0	Terminal	homeo_cgig_K1RYM7_CRAGI	homeo_cgig_A0A8W8MC90_CRAGI
OG0000019	homeo_pdum	n11	1.0	Terminal	homeo_pdum_Pdum_DN84079_c0_g1_i3.p1^, homeo_pdum_Pdum_DN72039_c3_g4_i2.p1^	homeo_pdum_Pdum_DN86613_c0_g1_i2.p1^
OG0000019	homeo_pdum	n12	1.0	Terminal	homeo_pdum_Pdum_DN84079_c0_g1_i3.p1^	homeo_pdum_Pdum_DN72039_c3_g4_i2.p1^
OG0000020	homeo_ctel	n3	1.0	Terminal	homeo_ctel_R7TTR6_CAPTE, homeo_ctel_C4MK41_CAPTE	homeo_ctel_R7TT53_CAPTE
OG0000020	homeo_ctel	n4	1.0	Terminal	homeo_ctel_R7TTR6_CAPTE	homeo_ctel_C4MK41_CAPTE
OG0000020	homeo_cgig	n8	1.0	Terminal	homeo_cgig_K1QLY6_CRAGI, homeo_cgig_A0A8W8IV11_CRAGI, homeo_cgig_A0A8W8ITK7_CRAGI, homeo_cgig_A0A8W8IVV5_CRAGI, homeo_cgig_A0A8W8ITN2_CRAGI	homeo_cgig_A0A8W8IX86_CRAGI
OG0000020	homeo_cgig	n9	1.0	Terminal	homeo_cgig_K1QLY6_CRAGI, homeo_cgig_A0A8W8IV11_CRAGI, homeo_cgig_A0A8W8ITK7_CRAGI, homeo_cgig_A0A8W8IVV5_CRAGI	homeo_cgig_A0A8W8ITN2_CRAGI
OG0000020	homeo_cgig	n10	1.0	Terminal	homeo_cgig_K1QLY6_CRAGI, homeo_cgig_A0A8W8IV11_CRAGI	homeo_cgig_A0A8W8ITK7_CRAGI, homeo_cgig_A0A8W8IVV5_CRAGI
OG0000020	homeo_cgig	n11	1.0	Terminal	homeo_cgig_K1QLY6_CRAGI	homeo_cgig_A0A8W8IV11_CRAGI
OG0000020	homeo_cgig	n12	1.0	Terminal	homeo_cgig_A0A8W8ITK7_CRAGI	homeo_cgig_A0A8W8IVV5_CRAGI
OG0000021	homeo_ctel	n2	1.0	Terminal	homeo_ctel_R7TTU8_CAPTE	homeo_ctel_R7U050_CAPTE
OG0000021	homeo_lgig	n4	1.0	Terminal	homeo_lgig_V4BGE9_LOTGI	homeo_lgig_A0A0B6VLM4_LOTGI
OG0000021	homeo_ofus	n5	1.0	Terminal	homeo_ofus_A0A8S4P241_OWEFU	homeo_ofus_A0A8J1XWF8_OWEFU
OG0000021	homeo_spha	n9	1.0	Terminal	homeo_spha_A0A812DH96_SEPPH	homeo_spha_A0A812DH78_SEPPH
OG0000021	homeo_cgig	n10	1.0	Terminal	homeo_cgig_A0A8W8KZY7_CRAGI, homeo_cgig_K1PZT1_CRAGI	homeo_cgig_A0A8W8KUA3_CRAGI, homeo_cgig_A0A8W8KU68_CRAGI
OG0000021	homeo_cgig	n11	1.0	Terminal	homeo_cgig_A0A8W8KZY7_CRAGI	homeo_cgig_K1PZT1_CRAGI
OG0000021	homeo_cgig	n12	1.0	Terminal	homeo_cgig_A0A8W8KUA3_CRAGI	homeo_cgig_A0A8W8KU68_CRAGI
OG0000022	N6	n3	1.0	STRIDE	homeo_cgig_K1R6C9_CRAGI, homeo_cgig_A0A8W8LDK7_CRAGI, homeo_mcor_A0A6J8AXB1_MYTCO	homeo_cgig_K1R014_CRAGI, homeo_cgig_A0A8W8LJK1_CRAGI, homeo_cgig_A0A8W8LF54_CRAGI, homeo_mcor_A0A6J8AT60_MYTCO, homeo_mcor_A0A6J8AWI0_MYTCO
OG0000022	homeo_cgig	n5	1.0	Terminal	homeo_cgig_K1R6C9_CRAGI	homeo_cgig_A0A8W8LDK7_CRAGI
OG0000022	homeo_cgig	n7	1.0	Terminal	homeo_cgig_K1R014_CRAGI, homeo_cgig_A0A8W8LJK1_CRAGI	homeo_cgig_A0A8W8LF54_CRAGI
OG0000022	homeo_cgig	n8	1.0	Terminal	homeo_cgig_K1R014_CRAGI	homeo_cgig_A0A8W8LJK1_CRAGI
OG0000022	homeo_mcor	n9	1.0	Terminal	homeo_mcor_A0A6J8AT60_MYTCO	homeo_mcor_A0A6J8AWI0_MYTCO
OG0000022	homeo_lgig	n10	1.0	Terminal	homeo_lgig_V4BA79_LOTGI	homeo_lgig_A0A0B6VH93_LOTGI
OG0000023	homeo_cgig	n5	1.0	Terminal	homeo_cgig_K1RMV0_CRAGI	homeo_cgig_A0A8W8MC14_CRAGI
OG0000023	homeo_mcor	n6	1.0	Terminal	homeo_mcor_A0A6J8CQJ4_MYTCO	homeo_mcor_A0A6J8CS02_MYTCO
OG0000023	homeo_ofus	n9	1.0	Terminal	homeo_ofus_A0A8J1Y3W8_OWEFU	homeo_ofus_A0A8J1UKC6_OWEFU, homeo_ofus_A0A8J1UHF5_OWEFU, homeo_ofus_A0A8S4P263_OWEFU, homeo_ofus_A0A8J1UG53_OWEFU
OG0000023	homeo_ofus	n10	1.0	Terminal	homeo_ofus_A0A8J1UKC6_OWEFU	homeo_ofus_A0A8J1UHF5_OWEFU, homeo_ofus_A0A8S4P263_OWEFU, homeo_ofus_A0A8J1UG53_OWEFU
OG0000023	homeo_ofus	n11	1.0	Terminal	homeo_ofus_A0A8J1UHF5_OWEFU	homeo_ofus_A0A8S4P263_OWEFU, homeo_ofus_A0A8J1UG53_OWEFU
OG0000023	homeo_ofus	n12	1.0	Terminal	homeo_ofus_A0A8S4P263_OWEFU	homeo_ofus_A0A8J1UG53_OWEFU
OG0000024	homeo_ctel	n2	1.0	Terminal	homeo_ctel_B6RFY1_CAPTE	homeo_ctel_R7UM68_CAPTE
OG0000024	homeo_ofus	n4	1.0	Terminal	homeo_ofus_A0A8J1UDK6_OWEFU, homeo_ofus_A0A8J1UDF1_OWEFU, homeo_ofus_A0A8S4MYZ0_OWEFU	homeo_ofus_A0A8J1U9I4_OWEFU
OG0000024	homeo_ofus	n5	1.0	Terminal	homeo_ofus_A0A8J1UDK6_OWEFU	homeo_ofus_A0A8J1UDF1_OWEFU, homeo_ofus_A0A8S4MYZ0_OWEFU
OG0000024	homeo_ofus	n6	1.0	Terminal	homeo_ofus_A0A8J1UDF1_OWEFU	homeo_ofus_A0A8S4MYZ0_OWEFU
OG0000024	homeo_cgig	n11	1.0	Terminal	homeo_cgig_A0A8W8MYT7_CRAGI	homeo_cgig_A0A8W8N1P2_CRAGI, homeo_cgig_K1PZI6_CRAGI
OG0000024	homeo_cgig	n12	1.0	Terminal	homeo_cgig_A0A8W8N1P2_CRAGI	homeo_cgig_K1PZI6_CRAGI
OG0000025	homeo_ctel	n3	1.0	Terminal	homeo_ctel_R7UVI0_CAPTE	homeo_ctel_R7UP28_CAPTE
OG0000025	homeo_cgig	n8	1.0	Terminal	homeo_cgig_A0A8W8NBC0_CRAGI	homeo_cgig_A0A8W8NE43_CRAGI, homeo_cgig_A0A8W8NIK3_CRAGI, homeo_cgig_A0A8W8NEB1_CRAGI, homeo_cgig_K1PYG5_CRAGI
OG0000025	homeo_cgig	n9	1.0	Terminal	homeo_cgig_A0A8W8NE43_CRAGI, homeo_cgig_A0A8W8NIK3_CRAGI, homeo_cgig_A0A8W8NEB1_CRAGI	homeo_cgig_K1PYG5_CRAGI
OG0000025	homeo_cgig	n10	1.0	Terminal	homeo_cgig_A0A8W8NE43_CRAGI	homeo_cgig_A0A8W8NIK3_CRAGI, homeo_cgig_A0A8W8NEB1_CRAGI
OG0000025	homeo_cgig	n11	1.0	Terminal	homeo_cgig_A0A8W8NIK3_CRAGI	homeo_cgig_A0A8W8NEB1_CRAGI
OG0000025	homeo_spha	n12	1.0	Terminal	homeo_spha_A0A812DPV1_SEPPH	homeo_spha_A0A812DNZ3_SEPPH
OG0000026	homeo_cgig	n6	1.0	Terminal	homeo_cgig_A0A8W8L5Z7_CRAGI	homeo_cgig_A0A8W8L9G2_CRAGI, homeo_cgig_K1R684_CRAGI, homeo_cgig_A0A8W8L5E0_CRAGI, homeo_cgig_A0A8W8L493_CRAGI, homeo_cgig_A0A8W8L9F6_CRAGI, homeo_cgig_A0A8W8L3M1_CRAGI
OG0000026	homeo_cgig	n7	1.0	Terminal	homeo_cgig_A0A8W8L9G2_CRAGI, homeo_cgig_K1R684_CRAGI, homeo_cgig_A0A8W8L5E0_CRAGI, homeo_cgig_A0A8W8L493_CRAGI, homeo_cgig_A0A8W8L9F6_CRAGI	homeo_cgig_A0A8W8L3M1_CRAGI
OG0000026	homeo_cgig	n8	1.0	Terminal	homeo_cgig_A0A8W8L9G2_CRAGI, homeo_cgig_K1R684_CRAGI, homeo_cgig_A0A8W8L5E0_CRAGI, homeo_cgig_A0A8W8L493_CRAGI	homeo_cgig_A0A8W8L9F6_CRAGI
OG0000026	homeo_cgig	n9	1.0	Terminal	homeo_cgig_A0A8W8L9G2_CRAGI, homeo_cgig_K1R684_CRAGI, homeo_cgig_A0A8W8L5E0_CRAGI	homeo_cgig_A0A8W8L493_CRAGI
OG0000026	homeo_cgig	n10	1.0	Terminal	homeo_cgig_A0A8W8L9G2_CRAGI, homeo_cgig_K1R684_CRAGI	homeo_cgig_A0A8W8L5E0_CRAGI
OG0000026	homeo_cgig	n11	1.0	Terminal	homeo_cgig_A0A8W8L9G2_CRAGI	homeo_cgig_K1R684_CRAGI
OG0000027	homeo_ofus	n2	1.0	Terminal	homeo_ofus_A0A8J1XPB1_OWEFU, homeo_ofus_A0A8J1XMG3_OWEFU, homeo_ofus_A0A8S4MZR0_OWEFU, homeo_ofus_A0A8S4N056_OWEFU, homeo_ofus_A0A8S4N103_OWEFU, homeo_ofus_A0A8J1XPS3_OWEFU	homeo_ofus_A0A8S4N1A7_OWEFU
OG0000027	homeo_ofus	n3	1.0	Terminal	homeo_ofus_A0A8J1XPB1_OWEFU, homeo_ofus_A0A8J1XMG3_OWEFU, homeo_ofus_A0A8S4MZR0_OWEFU, homeo_ofus_A0A8S4N056_OWEFU	homeo_ofus_A0A8S4N103_OWEFU, homeo_ofus_A0A8J1XPS3_OWEFU
OG0000027	homeo_ofus	n4	1.0	Terminal	homeo_ofus_A0A8J1XPB1_OWEFU, homeo_ofus_A0A8J1XMG3_OWEFU	homeo_ofus_A0A8S4MZR0_OWEFU, homeo_ofus_A0A8S4N056_OWEFU
OG0000027	homeo_ofus	n5	1.0	Terminal	homeo_ofus_A0A8J1XPB1_OWEFU	homeo_ofus_A0A8J1XMG3_OWEFU
OG0000027	homeo_ofus	n6	1.0	Terminal	homeo_ofus_A0A8S4MZR0_OWEFU	homeo_ofus_A0A8S4N056_OWEFU
OG0000027	homeo_ofus	n7	1.0	Terminal	homeo_ofus_A0A8S4N103_OWEFU	homeo_ofus_A0A8J1XPS3_OWEFU
OG0000028	homeo_cgig	n2	1.0	Terminal	homeo_cgig_K1RAG1_CRAGI, homeo_cgig_K1PT65_CRAGI	homeo_cgig_K1Q0K0_CRAGI
OG0000028	homeo_cgig	n3	1.0	Terminal	homeo_cgig_K1RAG1_CRAGI	homeo_cgig_K1PT65_CRAGI
OG0000028	homeo_lgig	n4	1.0	Terminal	homeo_lgig_V4ACD2_LOTGI, homeo_lgig_V4AH97_LOTGI	homeo_lgig_V3ZVH8_LOTGI
OG0000028	homeo_lgig	n5	1.0	Terminal	homeo_lgig_V4ACD2_LOTGI	homeo_lgig_V4AH97_LOTGI
OG0000028	homeo_mcor	n6	1.0	Terminal	homeo_mcor_A0A6J8C1D3_MYTCO, homeo_mcor_A0A6J8C174_MYTCO, homeo_mcor_A0A6J8EUF5_MYTCO, homeo_mcor_A0A6J8EV79_MYTCO, homeo_mcor_A0A6J8CQI8_MYTCO	homeo_mcor_A0A6J8BE62_MYTCO, homeo_mcor_A0A6J8CHV7_MYTCO
OG0000028	homeo_mcor	n7	1.0	Terminal	homeo_mcor_A0A6J8C1D3_MYTCO, homeo_mcor_A0A6J8C174_MYTCO	homeo_mcor_A0A6J8EUF5_MYTCO, homeo_mcor_A0A6J8EV79_MYTCO, homeo_mcor_A0A6J8CQI8_MYTCO
OG0000028	homeo_mcor	n8	1.0	Terminal	homeo_mcor_A0A6J8C1D3_MYTCO	homeo_mcor_A0A6J8C174_MYTCO
OG0000028	homeo_mcor	n9	1.0	Terminal	homeo_mcor_A0A6J8EUF5_MYTCO, homeo_mcor_A0A6J8EV79_MYTCO	homeo_mcor_A0A6J8CQI8_MYTCO
OG0000028	homeo_mcor	n10	1.0	Terminal	homeo_mcor_A0A6J8EUF5_MYTCO	homeo_mcor_A0A6J8EV79_MYTCO
OG0000028	homeo_mcor	n11	1.0	Terminal	homeo_mcor_A0A6J8BE62_MYTCO	homeo_mcor_A0A6J8CHV7_MYTCO
OG0000029	N0	n0	0.25		homeo_mcor_A0A6J8BVE3_MYTCO, homeo_mcor_A0A6J8BWE0_MYTCO, homeo_mcor_A0A6J8BU55_MYTCO, homeo_ctel_R7V0S4_CAPTE	homeo_ctel_R7TZ85_CAPTE, homeo_ctel_R7TQQ8_CAPTE, homeo_ctel_R7U1J4_CAPTE, homeo_ctel_R7UX02_CAPTE, homeo_cgig_K1R911_CRAGI, homeo_cgig_K1QZ17_CRAGI, homeo_cgig_K1R7U8_CRAGI, homeo_mcor_A0A6J8A5C1_MYTCO, homeo_mcor_A0A6J8A4J2_MYTCO
OG0000029	homeo_mcor	n2	1.0	Terminal	homeo_mcor_A0A6J8BVE3_MYTCO	homeo_mcor_A0A6J8BWE0_MYTCO, homeo_mcor_A0A6J8BU55_MYTCO
OG0000029	homeo_mcor	n3	1.0	Terminal	homeo_mcor_A0A6J8BWE0_MYTCO	homeo_mcor_A0A6J8BU55_MYTCO
OG0000029	homeo_ctel	n5	1.0	Terminal	homeo_ctel_R7TZ85_CAPTE, homeo_ctel_R7TQQ8_CAPTE, homeo_ctel_R7U1J4_CAPTE	homeo_ctel_R7UX02_CAPTE
OG0000029	homeo_ctel	n6	1.0	Terminal	homeo_ctel_R7TZ85_CAPTE	homeo_ctel_R7TQQ8_CAPTE, homeo_ctel_R7U1J4_CAPTE
OG0000029	homeo_ctel	n7	1.0	Terminal	homeo_ctel_R7TQQ8_CAPTE	homeo_ctel_R7U1J4_CAPTE
OG0000029	homeo_cgig	n9	1.0	Terminal	homeo_cgig_K1R911_CRAGI, homeo_cgig_K1QZ17_CRAGI	homeo_cgig_K1R7U8_CRAGI
OG0000029	homeo_cgig	n10	1.0	Terminal	homeo_cgig_K1R911_CRAGI	homeo_cgig_K1QZ17_CRAGI
OG0000029	homeo_mcor	n11	1.0	Terminal	homeo_mcor_A0A6J8A5C1_MYTCO	homeo_mcor_A0A6J8A4J2_MYTCO
OG0000030	homeo_ofus	n2	1.0	Terminal	homeo_ofus_A0A8J1TIQ6_OWEFU	homeo_ofus_A0A8S4Q4Y5_OWEFU
OG0000030	homeo_spha	n6	1.0	Terminal	homeo_spha_A0A812CU56_SEPPH	homeo_spha_A0A812CKB5_SEPPH
OG0000030	homeo_mcor	n7	1.0	Terminal	homeo_mcor_A0A6J8ERK1_MYTCO, homeo_mcor_A0A6J8EQX0_MYTCO, homeo_mcor_A0A6J8ENY4_MYTCO	homeo_mcor_A0A6J8ES43_MYTCO
OG0000030	homeo_mcor	n8	1.0	Terminal	homeo_mcor_A0A6J8ERK1_MYTCO	homeo_mcor_A0A6J8EQX0_MYTCO, homeo_mcor_A0A6J8ENY4_MYTCO
OG0000030	homeo_mcor	n9	1.0	Terminal	homeo_mcor_A0A6J8EQX0_MYTCO	homeo_mcor_A0A6J8ENY4_MYTCO
OG0000030	homeo_cgig	n10	1.0	Terminal	homeo_cgig_K1QXI0_CRAGI	homeo_cgig_A0A8W8KA18_CRAGI
OG0000031	homeo_lgig	n5	1.0	Terminal	homeo_lgig_A0A0B6VI83_LOTGI	homeo_lgig_V3ZSX3_LOTGI
OG0000031	homeo_mcor	n8	1.0	Terminal	homeo_mcor_A0A6J8EJZ7_MYTCO	homeo_mcor_A0A6J8EIY5_MYTCO
OG0000031	homeo_ofus	n9	1.0	Terminal	homeo_ofus_A0A8J1TXC5_OWEFU	homeo_ofus_A0A8J1XUY2_OWEFU, homeo_ofus_A0A8J1TVW9_OWEFU
OG0000031	homeo_ofus	n10	1.0	Terminal	homeo_ofus_A0A8J1XUY2_OWEFU	homeo_ofus_A0A8J1TVW9_OWEFU
OG0000032	homeo_ofus	n4	1.0	Terminal	homeo_ofus_A0A8J1UPA1_OWEFU, homeo_ofus_A0A166GC00_OWEFU	homeo_ofus_A0A8J1UL28_OWEFU
OG0000032	homeo_ofus	n5	1.0	Terminal	homeo_ofus_A0A8J1UPA1_OWEFU	homeo_ofus_A0A166GC00_OWEFU
OG0000032	homeo_cgig	n8	1.0	Terminal	homeo_cgig_K1PV30_CRAGI	homeo_cgig_A0A8W8I6I3_CRAGI
OG0000032	homeo_lgig	n9	1.0	Terminal	homeo_lgig_B6SD85_LOTGI	homeo_lgig_V3Z534_LOTGI, homeo_lgig_A0A0B6VJK7_LOTGI
OG0000032	homeo_lgig	n10	1.0	Terminal	homeo_lgig_V3Z534_LOTGI	homeo_lgig_A0A0B6VJK7_LOTGI
OG0000033	homeo_ofus	n2	1.0	Terminal	homeo_ofus_A0A8J1T993_OWEFU	homeo_ofus_A0A8S4NPX3_OWEFU
OG0000033	N0	n3	0.125		homeo_cgig_K1QM31_CRAGI, homeo_cgig_A0A8W8IS98_CRAGI, homeo_cgig_A0A8W8IS94_CRAGI, homeo_mcor_A0A6J8DTJ6_MYTCO, homeo_spha_A0A812CGF8_SEPPH, homeo_ctel_C4MLF0_CAPTE, homeo_ctel_R7T8C3_CAPTE	homeo_ctel_R7T4E3_CAPTE, homeo_pdum_Pdum_DN75755_c0_g1_i4.p1^
OG0000033	homeo_cgig	n7	1.0	Terminal	homeo_cgig_K1QM31_CRAGI, homeo_cgig_A0A8W8IS98_CRAGI	homeo_cgig_A0A8W8IS94_CRAGI
OG0000033	homeo_cgig	n8	1.0	Terminal	homeo_cgig_K1QM31_CRAGI	homeo_cgig_A0A8W8IS98_CRAGI
OG0000033	homeo_ctel	n9	1.0	Terminal	homeo_ctel_C4MLF0_CAPTE	homeo_ctel_R7T8C3_CAPTE
OG0000034	homeo_ctel	n4	1.0	Terminal	homeo_ctel_C4MLF3_CAPTE	homeo_ctel_R7UCX5_CAPTE
OG0000034	homeo_ofus	n6	1.0	Terminal	homeo_ofus_A0A8J1T830_OWEFU	homeo_ofus_A0A8J1T7B9_OWEFU
OG0000034	homeo_cgig	n9	1.0	Terminal	homeo_cgig_K1PJ20_CRAGI, homeo_cgig_A0A8W8J227_CRAGI	homeo_cgig_A0A8W8IYA2_CRAGI
OG0000034	homeo_cgig	n10	1.0	Terminal	homeo_cgig_K1PJ20_CRAGI	homeo_cgig_A0A8W8J227_CRAGI
OG0000035	homeo_ofus	n2	1.0	Terminal	homeo_ofus_A0A8S4P1L7_OWEFU	homeo_ofus_A0A8J1XVI0_OWEFU
OG0000035	homeo_ctel	n3	1.0	Terminal	homeo_ctel_R7UAK3_CAPTE	homeo_ctel_R7U2Q3_CAPTE, homeo_ctel_R7UAU5_CAPTE
OG0000035	homeo_ctel	n4	1.0	Terminal	homeo_ctel_R7U2Q3_CAPTE	homeo_ctel_R7UAU5_CAPTE
OG0000035	homeo_lgig	n7	1.0	Terminal	homeo_lgig_V3ZZC7_LOTGI	homeo_lgig_A0A0B6VNI7_LOTGI
OG0000035	homeo_cgig	n8	1.0	Terminal	homeo_cgig_K1RII0_CRAGI, homeo_cgig_A0A8W8K4L4_CRAGI	homeo_cgig_K1RU62_CRAGI, homeo_cgig_A0A8W8LA92_CRAGI
OG0000035	homeo_cgig	n9	1.0	Terminal	homeo_cgig_K1RII0_CRAGI	homeo_cgig_A0A8W8K4L4_CRAGI
OG0000035	homeo_cgig	n10	1.0	Terminal	homeo_cgig_K1RU62_CRAGI	homeo_cgig_A0A8W8LA92_CRAGI
OG0000036	N0	n2	0.125		homeo_ofus_A0A8J1TLL2_OWEFU, homeo_ofus_A0A8J1XNQ9_OWEFU, homeo_ctel_R7UAG0_CAPTE, homeo_lgig_V4CHA2_LOTGI, homeo_ctel_R7U2A3_CAPTE	homeo_lgig_A0A0B6VI79_LOTGI, homeo_mcor_A0A6J8DUK4_MYTCO, homeo_cgig_K1REH4_CRAGI, homeo_cgig_A0A8W8KDY3_CRAGI, homeo_cgig_A0A8W8KK48_CRAGI
OG0000036	homeo_ofus	n4	1.0	Terminal	homeo_ofus_A0A8J1TLL2_OWEFU	homeo_ofus_A0A8J1XNQ9_OWEFU
OG0000036	N0	n5	0.125		homeo_ctel_R7UAG0_CAPTE	homeo_lgig_V4CHA2_LOTGI, homeo_ctel_R7U2A3_CAPTE
OG0000036	homeo_cgig	n9	1.0	Terminal	homeo_cgig_K1REH4_CRAGI	homeo_cgig_A0A8W8KDY3_CRAGI, homeo_cgig_A0A8W8KK48_CRAGI
OG0000036	homeo_cgig	n10	1.0	Terminal	homeo_cgig_A0A8W8KDY3_CRAGI	homeo_cgig_A0A8W8KK48_CRAGI
OG0000037	homeo_pdum	n3	1.0	Terminal	homeo_pdum_Pdum_DN50323_c0_g1_i1.p1^	homeo_pdum_Pdum_DN91429_c7_g4_i1.p1^
OG0000037	homeo_cgig	n8	1.0	Terminal	homeo_cgig_A0A8W8KL69_CRAGI, homeo_cgig_A0A8W8KM51_CRAGI	homeo_cgig_K1PV68_CRAGI
OG0000037	homeo_cgig	n9	1.0	Terminal	homeo_cgig_A0A8W8KL69_CRAGI	homeo_cgig_A0A8W8KM51_CRAGI
OG0000037	homeo_ofus	n10	1.0	Terminal	homeo_ofus_A0A8S4PRS0_OWEFU	homeo_ofus_A0A8J1TZ22_OWEFU
OG0000038	homeo_mcor	n5	1.0	Terminal	homeo_mcor_A0A6J8ENW5_MYTCO	homeo_mcor_A0A6J8EPC6_MYTCO
OG0000038	homeo_cgig	n6	1.0	Terminal	homeo_cgig_A0A8W8KQE1_CRAGI	homeo_cgig_A0A8W8KN59_CRAGI, homeo_cgig_A0A8W8KQD6_CRAGI, homeo_cgig_A0A8W8KN12_CRAGI, homeo_cgig_A0A8W8KN17_CRAGI, homeo_cgig_K1QAT6_CRAGI
OG0000038	homeo_cgig	n7	1.0	Terminal	homeo_cgig_A0A8W8KN59_CRAGI, homeo_cgig_A0A8W8KQD6_CRAGI, homeo_cgig_A0A8W8KN12_CRAGI	homeo_cgig_A0A8W8KN17_CRAGI, homeo_cgig_K1QAT6_CRAGI
OG0000038	homeo_cgig	n8	1.0	Terminal	homeo_cgig_A0A8W8KN59_CRAGI	homeo_cgig_A0A8W8KQD6_CRAGI, homeo_cgig_A0A8W8KN12_CRAGI
OG0000038	homeo_cgig	n9	1.0	Terminal	homeo_cgig_A0A8W8KQD6_CRAGI	homeo_cgig_A0A8W8KN12_CRAGI
OG0000038	homeo_cgig	n10	1.0	Terminal	homeo_cgig_A0A8W8KN17_CRAGI	homeo_cgig_K1QAT6_CRAGI
OG0000039	N4	n0	0.5		homeo_lgig_V4AA12_LOTGI, homeo_lgig_V4BKP8_LOTGI, homeo_lgig_V4A794_LOTGI, homeo_lgig_V4A2J2_LOTGI, homeo_lgig_V4ACK5_LOTGI, homeo_lgig_V3ZRN3_LOTGI, homeo_cgig_A0A8W8M1J7_CRAGI, homeo_cgig_K1R9Y4_CRAGI, homeo_mcor_A0A6J8CQ10_MYTCO	homeo_lgig_V4A9G9_LOTGI, homeo_mcor_A0A6J8CQL9_MYTCO, homeo_mcor_A0A6J8CL83_MYTCO
OG0000039	homeo_lgig	n2	1.0	Terminal	homeo_lgig_V4AA12_LOTGI	homeo_lgig_V4BKP8_LOTGI, homeo_lgig_V4A794_LOTGI, homeo_lgig_V4A2J2_LOTGI, homeo_lgig_V4ACK5_LOTGI, homeo_lgig_V3ZRN3_LOTGI
OG0000039	homeo_lgig	n3	1.0	Terminal	homeo_lgig_V4BKP8_LOTGI, homeo_lgig_V4A794_LOTGI, homeo_lgig_V4A2J2_LOTGI, homeo_lgig_V4ACK5_LOTGI	homeo_lgig_V3ZRN3_LOTGI
OG0000039	homeo_lgig	n4	1.0	Terminal	homeo_lgig_V4BKP8_LOTGI, homeo_lgig_V4A794_LOTGI, homeo_lgig_V4A2J2_LOTGI	homeo_lgig_V4ACK5_LOTGI
OG0000039	homeo_lgig	n5	1.0	Terminal	homeo_lgig_V4BKP8_LOTGI, homeo_lgig_V4A794_LOTGI	homeo_lgig_V4A2J2_LOTGI
OG0000039	homeo_lgig	n6	1.0	Terminal	homeo_lgig_V4BKP8_LOTGI	homeo_lgig_V4A794_LOTGI
OG0000039	homeo_cgig	n8	1.0	Terminal	homeo_cgig_A0A8W8M1J7_CRAGI	homeo_cgig_K1R9Y4_CRAGI
OG0000039	homeo_mcor	n10	1.0	Terminal	homeo_mcor_A0A6J8CQL9_MYTCO	homeo_mcor_A0A6J8CL83_MYTCO
OG0000040	homeo_ofus	n2	1.0	Terminal	homeo_ofus_A0A8J1U2Q5_OWEFU	homeo_ofus_A0A165USH4_OWEFU
OG0000040	homeo_lgig	n4	1.0	Terminal	homeo_lgig_A0A0B6VH87_LOTGI	homeo_lgig_V4B9I8_LOTGI
OG0000040	N6	n5	1.0		homeo_mcor_A0A6J8EYL3_MYTCO, homeo_cgig_A0A8W8HPX3_CRAGI, homeo_cgig_A0A8W8HQ61_CRAGI, homeo_cgig_K1P7N7_CRAGI	homeo_mcor_A0A6J8AWT6_MYTCO, homeo_cgig_K1R5Y2_CRAGI
OG0000040	homeo_cgig	n7	1.0	Terminal	homeo_cgig_A0A8W8HPX3_CRAGI	homeo_cgig_A0A8W8HQ61_CRAGI, homeo_cgig_K1P7N7_CRAGI
OG0000040	homeo_cgig	n8	1.0	Terminal	homeo_cgig_A0A8W8HQ61_CRAGI	homeo_cgig_K1P7N7_CRAGI
OG0000041	homeo_lgig	n3	1.0	Terminal	homeo_lgig_A0A0B6VNG0_LOTGI	homeo_lgig_V4ACH7_LOTGI
OG0000041	homeo_cgig	n5	1.0	Terminal	homeo_cgig_A0A8W8ICU4_CRAGI, homeo_cgig_A0A8W8IBC2_CRAGI	homeo_cgig_A0A8W8IBB7_CRAGI, homeo_cgig_K1QVP2_CRAGI, homeo_cgig_A0A8W8IBB5_CRAGI, homeo_cgig_A0A8W8ICT9_CRAGI
OG0000041	homeo_cgig	n6	1.0	Terminal	homeo_cgig_A0A8W8ICU4_CRAGI	homeo_cgig_A0A8W8IBC2_CRAGI
OG0000041	homeo_cgig	n7	1.0	Terminal	homeo_cgig_A0A8W8IBB7_CRAGI, homeo_cgig_K1QVP2_CRAGI	homeo_cgig_A0A8W8IBB5_CRAGI, homeo_cgig_A0A8W8ICT9_CRAGI
OG0000041	homeo_cgig	n8	1.0	Terminal	homeo_cgig_A0A8W8IBB7_CRAGI	homeo_cgig_K1QVP2_CRAGI
OG0000041	homeo_cgig	n9	1.0	Terminal	homeo_cgig_A0A8W8IBB5_CRAGI	homeo_cgig_A0A8W8ICT9_CRAGI
OG0000042	N2	n2	0.2		homeo_ofus_A0A8J1XEH4_OWEFU, homeo_spha_A0A812B373_SEPPH, homeo_cgig_A0A8W8IG58_CRAGI, homeo_cgig_K1RAP6_CRAGI, homeo_mcor_A0A6J8CIT0_MYTCO, homeo_lgig_V4A7Q4_LOTGI	homeo_ofus_A0A8J1T6R3_OWEFU
OG0000042	homeo_cgig	n7	1.0	Terminal	homeo_cgig_A0A8W8IG58_CRAGI	homeo_cgig_K1RAP6_CRAGI
OG0000042	homeo_ctel	n9	1.0	Terminal	homeo_ctel_R7TD58_CAPTE	homeo_ctel_C4MK42_CAPTE
OG0000043	N0	n0	0.25		homeo_cgig_A0A8W8K0G0_CRAGI, homeo_cgig_A0A8W8JWH0_CRAGI, homeo_cgig_K1Q9D5_CRAGI, homeo_mcor_A0A6J8AZP6_MYTCO, homeo_pdum_Pdum_DN91323_c1_g1_i1.p1^, homeo_ctel_X1ZZA7_CAPTE	homeo_cgig_K1QV62_CRAGI, homeo_cgig_A0A8W8JWV0_CRAGI, homeo_ofus_A0A8J1Y7V5_OWEFU, homeo_lgig_V3YXS2_LOTGI, homeo_pdum_Pdum_DN73679_c0_g1_i2.p1^
OG0000043	homeo_cgig	n3	1.0	Terminal	homeo_cgig_A0A8W8K0G0_CRAGI, homeo_cgig_A0A8W8JWH0_CRAGI	homeo_cgig_K1Q9D5_CRAGI
OG0000043	homeo_cgig	n4	1.0	Terminal	homeo_cgig_A0A8W8K0G0_CRAGI	homeo_cgig_A0A8W8JWH0_CRAGI
OG0000043	homeo_cgig	n9	1.0	Terminal	homeo_cgig_K1QV62_CRAGI	homeo_cgig_A0A8W8JWV0_CRAGI
OG0000044	homeo_cgig	n4	1.0	Terminal	homeo_cgig_A0A8W8K987_CRAGI, homeo_cgig_A0A8W8K5L3_CRAGI, homeo_cgig_A0A8W8K5F1_CRAGI	homeo_cgig_K1QCX7_CRAGI
OG0000044	homeo_cgig	n5	1.0	Terminal	homeo_cgig_A0A8W8K987_CRAGI, homeo_cgig_A0A8W8K5L3_CRAGI	homeo_cgig_A0A8W8K5F1_CRAGI
OG0000044	homeo_cgig	n6	1.0	Terminal	homeo_cgig_A0A8W8K987_CRAGI	homeo_cgig_A0A8W8K5L3_CRAGI
OG0000044	N5	n7	0.5		homeo_lgig_A0A0B6VLK3_LOTGI	homeo_lgig_V3ZXV0_LOTGI, homeo_spha_A0A812BER8_SEPPH
OG0000044	homeo_ofus	n9	1.0	Terminal	homeo_ofus_A0A8S4PLQ3_OWEFU	homeo_ofus_A0A8J1UNW8_OWEFU
OG0000045	homeo_ctel	n2	1.0	Terminal	homeo_ctel_R7TXI6_CAPTE	homeo_ctel_Q2FBJ0_CAPTE
OG0000045	homeo_ofus	n4	1.0	Terminal	homeo_ofus_A0A8J1XM42_OWEFU	homeo_ofus_A0A165USC6_OWEFU
OG0000045	N4	n5	0.5		homeo_lgig_V4B4D7_LOTGI, homeo_mcor_A0A6J8AUN1_MYTCO	homeo_lgig_V3ZLP8_LOTGI, homeo_cgig_K1QXA8_CRAGI, homeo_cgig_A0A8W8KX35_CRAGI, homeo_mcor_A0A6J8AZ87_MYTCO
OG0000045	homeo_cgig	n9	1.0	Terminal	homeo_cgig_K1QXA8_CRAGI	homeo_cgig_A0A8W8KX35_CRAGI
OG0000046	homeo_cgig	n3	1.0	Terminal	homeo_cgig_A0A8W8N1H0_CRAGI, homeo_cgig_A0A8W8MTT5_CRAGI, homeo_cgig_A0A8W8N4R1_CRAGI, homeo_cgig_K1QFQ0_CRAGI	homeo_cgig_A0A8W8MYN2_CRAGI
OG0000046	homeo_cgig	n4	1.0	Terminal	homeo_cgig_A0A8W8N1H0_CRAGI, homeo_cgig_A0A8W8MTT5_CRAGI	homeo_cgig_A0A8W8N4R1_CRAGI, homeo_cgig_K1QFQ0_CRAGI
OG0000046	homeo_cgig	n5	1.0	Terminal	homeo_cgig_A0A8W8N1H0_CRAGI	homeo_cgig_A0A8W8MTT5_CRAGI
OG0000046	homeo_cgig	n6	1.0	Terminal	homeo_cgig_A0A8W8N4R1_CRAGI	homeo_cgig_K1QFQ0_CRAGI
OG0000046	homeo_ctel	n9	1.0	Terminal	homeo_ctel_R7TK21_CAPTE	homeo_ctel_B6RFX4_CAPTE
OG0000047	homeo_cgig	n3	1.0	Terminal	homeo_cgig_A0A8W8MYN7_CRAGI	homeo_cgig_K1QNR4_CRAGI
OG0000047	homeo_ctel	n5	1.0	Terminal	homeo_ctel_R7TDU3_CAPTE, homeo_ctel_B6RFX5_CAPTE	homeo_ctel_R7TDR5_CAPTE
OG0000047	homeo_ctel	n6	1.0	Terminal	homeo_ctel_R7TDU3_CAPTE	homeo_ctel_B6RFX5_CAPTE
OG0000048	homeo_cgig	n4	1.0	Terminal	homeo_cgig_K1R0H9_CRAGI	homeo_cgig_A0A8W8HU29_CRAGI, homeo_cgig_A0A8W8HTU2_CRAGI
OG0000048	homeo_cgig	n5	1.0	Terminal	homeo_cgig_A0A8W8HU29_CRAGI	homeo_cgig_A0A8W8HTU2_CRAGI
OG0000048	homeo_ctel	n8	1.0	Terminal	homeo_ctel_C4MK37_CAPTE	homeo_ctel_R7TY93_CAPTE
OG0000049	homeo_ofus	n4	1.0	Terminal	homeo_ofus_A0A8J1XHJ6_OWEFU	homeo_ofus_A0A8S4NSB6_OWEFU
OG0000049	homeo_cgig	n8	1.0	Terminal	homeo_cgig_K1R770_CRAGI	homeo_cgig_A0A8W8IXU5_CRAGI
OG0000050	N2	n2	0.2		homeo_cgig_A0A8W8L5S3_CRAGI, homeo_cgig_A0A8W8L1U9_CRAGI, homeo_ofus_A0A8J1TJB3_OWEFU	homeo_cgig_K1PGW7_CRAGI, homeo_mcor_A0A6J8AUZ8_MYTCO, homeo_lgig_V3ZSK0_LOTGI
OG0000050	homeo_cgig	n4	1.0	Terminal	homeo_cgig_A0A8W8L5S3_CRAGI	homeo_cgig_A0A8W8L1U9_CRAGI
OG0000050	homeo_ctel	n7	1.0	Terminal	homeo_ctel_Q2FBI9_CAPTE, homeo_ctel_R7U4M8_CAPTE	homeo_ctel_R7V8P0_CAPTE
OG0000050	homeo_ctel	n8	1.0	Terminal	homeo_ctel_Q2FBI9_CAPTE	homeo_ctel_R7U4M8_CAPTE
OG0000051	homeo_ofus	n4	1.0	Terminal	homeo_ofus_A0A8J1XQF8_OWEFU	homeo_ofus_A0A8S4N0G9_OWEFU
OG0000051	homeo_mcor	n6	1.0	Terminal	homeo_mcor_A0A6J8D1U5_MYTCO	homeo_mcor_A0A6J8D2E6_MYTCO
OG0000051	homeo_cgig	n7	1.0	Terminal	homeo_cgig_A0A8W8N621_CRAGI	homeo_cgig_A0A8W8MXX7_CRAGI, homeo_cgig_K1QDG5_CRAGI
OG0000051	homeo_cgig	n8	1.0	Terminal	homeo_cgig_A0A8W8MXX7_CRAGI	homeo_cgig_K1QDG5_CRAGI
OG0000052	homeo_ctel	n3	1.0	Terminal	homeo_ctel_R7TCH5_CAPTE	homeo_ctel_C4MLF2_CAPTE
OG0000052	homeo_cgig	n6	1.0	Terminal	homeo_cgig_A0A8W8IPJ6_CRAGI	homeo_cgig_K1PPR5_CRAGI
OG0000053	homeo_ctel	n3	1.0	Terminal	homeo_ctel_C4MLF1_CAPTE	homeo_ctel_R7TTZ4_CAPTE
OG0000053	homeo_cgig	n7	1.0	Terminal	homeo_cgig_K1R041_CRAGI	homeo_cgig_A0A8W8IW65_CRAGI
OG0000054	homeo_cgig	n5	1.0	Terminal	homeo_cgig_A0A8W8K796_CRAGI	homeo_cgig_K1QIJ6_CRAGI, homeo_cgig_A0A8W8K4K0_CRAGI, homeo_cgig_A0A8W8KAS8_CRAGI
OG0000054	homeo_cgig	n6	1.0	Terminal	homeo_cgig_K1QIJ6_CRAGI, homeo_cgig_A0A8W8K4K0_CRAGI	homeo_cgig_A0A8W8KAS8_CRAGI
OG0000054	homeo_cgig	n7	1.0	Terminal	homeo_cgig_K1QIJ6_CRAGI	homeo_cgig_A0A8W8K4K0_CRAGI
OG0000055	homeo_lgig	n1	1.0	Terminal	homeo_lgig_V4AQ16_LOTGI	homeo_lgig_V4ALV7_LOTGI
OG0000055	N6	n2	1.0		homeo_cgig_A0A8W8M0S5_CRAGI, homeo_cgig_K1PJF6_CRAGI, homeo_mcor_A0A6J8DWV1_MYTCO	homeo_mcor_A0A6J8D3N8_MYTCO, homeo_cgig_A0A8W8M3U2_CRAGI, homeo_cgig_A0A8W8M2T1_CRAGI, homeo_cgig_K1PYP9_CRAGI
OG0000055	homeo_cgig	n4	1.0	Terminal	homeo_cgig_A0A8W8M0S5_CRAGI	homeo_cgig_K1PJF6_CRAGI
OG0000055	homeo_cgig	n6	1.0	Terminal	homeo_cgig_A0A8W8M3U2_CRAGI, homeo_cgig_A0A8W8M2T1_CRAGI	homeo_cgig_K1PYP9_CRAGI
OG0000055	homeo_cgig	n7	1.0	Terminal	homeo_cgig_A0A8W8M3U2_CRAGI	homeo_cgig_A0A8W8M2T1_CRAGI
OG0000056	homeo_ctel	n1	1.0	Terminal	homeo_ctel_R7UAI4_CAPTE	homeo_ctel_B6RFY2_CAPTE
OG0000056	homeo_cgig	n5	1.0	Terminal	homeo_cgig_K1QEU8_CRAGI	homeo_cgig_A0A8W8MTZ3_CRAGI, homeo_cgig_A0A8W8MTY9_CRAGI
OG0000056	homeo_cgig	n6	1.0	Terminal	homeo_cgig_A0A8W8MTZ3_CRAGI	homeo_cgig_A0A8W8MTY9_CRAGI
OG0000056	homeo_ofus	n7	1.0	Terminal	homeo_ofus_A0A8S4N570_OWEFU	homeo_ofus_A0A8J1TQI2_OWEFU
OG0000057	homeo_ctel	n4	1.0	Terminal	homeo_ctel_R7TGN1_CAPTE	homeo_ctel_R7TGD7_CAPTE
OG0000057	homeo_lgig	n5	1.0	Terminal	homeo_lgig_A0A0B6VI59_LOTGI	homeo_lgig_V3ZS59_LOTGI
OG0000057	homeo_cgig	n7	1.0	Terminal	homeo_cgig_A0A8W8MW41_CRAGI	homeo_cgig_K1PP90_CRAGI
OG0000058	N4	n5	0.25		homeo_lgig_V4AZ98_LOTGI	homeo_lgig_V4AG74_LOTGI, homeo_cgig_A0A8W8N9G9_CRAGI, homeo_cgig_K1Q1H4_CRAGI
OG0000058	homeo_cgig	n7	1.0	Terminal	homeo_cgig_A0A8W8N9G9_CRAGI	homeo_cgig_K1Q1H4_CRAGI
OG0000059	homeo_cgig	n4	1.0	Terminal	homeo_cgig_A0A8W8NAJ6_CRAGI	homeo_cgig_K1RC49_CRAGI
OG0000059	homeo_ofus	n6	1.0	Terminal	homeo_ofus_A0A8J1XPH2_OWEFU, homeo_ofus_A0A2I6EEG1_OWEFU	homeo_ofus_A0A8S4N1Q5_OWEFU
OG0000059	homeo_ofus	n7	1.0	Terminal	homeo_ofus_A0A8J1XPH2_OWEFU	homeo_ofus_A0A2I6EEG1_OWEFU
OG0000060	N0	n0	0.25		homeo_ctel_R7ULI7_CAPTE, homeo_ofus_A0A8J1T4B5_OWEFU	homeo_ctel_R7UDF2_CAPTE, homeo_ctel_C4MK43_CAPTE, homeo_spha_A0A812AM68_SEPPH, homeo_ofus_A0A8J1XFR7_OWEFU, homeo_lgig_V4AMU9_LOTGI, homeo_mcor_A0A6J8B2W8_MYTCO, homeo_cgig_K1QS55_CRAGI
OG0000060	homeo_ctel	n3	1.0	Terminal	homeo_ctel_R7UDF2_CAPTE	homeo_ctel_C4MK43_CAPTE
OG0000061	homeo_lgig	n5	1.0	Terminal	homeo_lgig_V4ALT1_LOTGI	homeo_lgig_A0A0B6VLJ9_LOTGI
OG0000061	homeo_ofus	n6	1.0	Terminal	homeo_ofus_A0A8S4PTX5_OWEFU	homeo_ofus_A0A8J1TXI9_OWEFU
OG0000061	homeo_spha	n7	1.0	Terminal	homeo_spha_A0A812BSA7_SEPPH	homeo_spha_A0A812B6T3_SEPPH
OG0000062	N0	n1	0.25		homeo_ctel_R7UN60_CAPTE, homeo_ofus_A0A8J1UKY0_OWEFU	homeo_cgig_K1P5F1_CRAGI, homeo_cgig_A0A8W8I834_CRAGI, homeo_mcor_A0A6J8AC99_MYTCO, homeo_ofus_A0A8J1Y520_OWEFU, homeo_ctel_R7UWA1_CAPTE
OG0000062	homeo_cgig	n6	1.0	Terminal	homeo_cgig_K1P5F1_CRAGI	homeo_cgig_A0A8W8I834_CRAGI
OG0000063	homeo_ctel	n1	1.0	Terminal	homeo_ctel_R7TI74_CAPTE	homeo_ctel_R7VCX8_CAPTE
OG0000063	homeo_ofus	n3	1.0	Terminal	homeo_ofus_A0A8S4PD62_OWEFU	homeo_ofus_A0A8J1UM84_OWEFU
OG0000063	homeo_cgig	n5	1.0	Terminal	homeo_cgig_K1PGT0_CRAGI	homeo_cgig_A0A8W8HTT0_CRAGI
OG0000064	homeo_ctel	n1	1.0	Terminal	homeo_ctel_Q09VU4_CAPTE	homeo_ctel_R7TJF1_CAPTE
OG0000064	homeo_cgig	n5	1.0	Terminal	homeo_cgig_K1Q8M9_CRAGI, homeo_cgig_A0A8W8IBX2_CRAGI	homeo_cgig_A0A8W8IBQ2_CRAGI
OG0000064	homeo_cgig	n6	1.0	Terminal	homeo_cgig_K1Q8M9_CRAGI	homeo_cgig_A0A8W8IBX2_CRAGI
OG0000065	homeo_cgig	n3	1.0	Terminal	homeo_cgig_A0A8W8IQU2_CRAGI	homeo_cgig_A0A8W8IPI1_CRAGI, homeo_cgig_K1R7X3_CRAGI
OG0000065	homeo_cgig	n4	1.0	Terminal	homeo_cgig_A0A8W8IPI1_CRAGI	homeo_cgig_K1R7X3_CRAGI
OG0000065	homeo_ofus	n5	1.0	Terminal	homeo_ofus_A0A8J1Y2F5_OWEFU	homeo_ofus_A0A8S4NKP5_OWEFU
OG0000066	homeo_ctel	n2	1.0	Terminal	homeo_ctel_Q2FA45_CAPTE	homeo_ctel_R7TBA9_CAPTE
OG0000066	homeo_cgig	n6	1.0	Terminal	homeo_cgig_A0A8W8L000_CRAGI	homeo_cgig_K1PVZ4_CRAGI
OG0000067	homeo_ctel	n2	1.0	Terminal	homeo_ctel_R7TLA0_CAPTE	homeo_ctel_B6RFX3_CAPTE
OG0000067	homeo_cgig	n6	1.0	Terminal	homeo_cgig_K1QUT3_CRAGI	homeo_cgig_A0A8W8MTT0_CRAGI
OG0000068	homeo_ctel	n1	1.0	Terminal	homeo_ctel_B6RFX7_CAPTE	homeo_ctel_R7TK28_CAPTE
OG0000068	homeo_cgig	n5	1.0	Terminal	homeo_cgig_A0A8W8N0Z8_CRAGI	homeo_cgig_A0A8W8N1K7_CRAGI, homeo_cgig_K1QNR8_CRAGI
OG0000068	homeo_cgig	n6	1.0	Terminal	homeo_cgig_A0A8W8N1K7_CRAGI	homeo_cgig_K1QNR8_CRAGI
OG0000069	homeo_cgig	n6	1.0	Terminal	homeo_cgig_A0A8W8N8W3_CRAGI	homeo_cgig_K1PW35_CRAGI
OG0000070	homeo_cgig	n5	1.0	Terminal	homeo_cgig_A0A8W8NM07_CRAGI	homeo_cgig_K1Q0E3_CRAGI
OG0000070	homeo_ofus	n6	1.0	Terminal	homeo_ofus_A0A8S4P1Z9_OWEFU	homeo_ofus_A0A8J1TXW6_OWEFU
OG0000071	homeo_cgig	n6	1.0	Terminal	homeo_cgig_K1RYX0_CRAGI	homeo_cgig_A0A8W8NNK0_CRAGI
OG0000072	homeo_ctel	n1	1.0	Terminal	homeo_ctel_R7UX36_CAPTE	homeo_ctel_R7TQE4_CAPTE, homeo_ctel_R7UP44_CAPTE
OG0000072	homeo_ctel	n2	1.0	Terminal	homeo_ctel_R7TQE4_CAPTE	homeo_ctel_R7UP44_CAPTE
OG0000072	homeo_ofus	n4	1.0	Terminal	homeo_ofus_A0A8J1TPC4_OWEFU	homeo_ofus_A0A8S4N1D9_OWEFU
OG0000075	homeo_cgig	n4	1.0	Terminal	homeo_cgig_K1QKW3_CRAGI	homeo_cgig_A0A8W8HZU1_CRAGI
OG0000076	homeo_cgig	n3	1.0	Terminal	homeo_cgig_A0A8W8IWN5_CRAGI	homeo_cgig_K1QYJ1_CRAGI
OG0000076	homeo_ofus	n5	1.0	Terminal	homeo_ofus_A0A8J1XHX7_OWEFU	homeo_ofus_A0A8S4NQ05_OWEFU
OG0000077	homeo_ofus	n2	1.0	Terminal	homeo_ofus_A0A8S4N0Y2_OWEFU	homeo_ofus_A0A8J1U7C5_OWEFU
OG0000077	homeo_cgig	n5	1.0	Terminal	homeo_cgig_A0A8W8JP77_CRAGI	homeo_cgig_K1QTQ2_CRAGI
OG0000078	homeo_cgig	n5	1.0	Terminal	homeo_cgig_A0A8W8KP93_CRAGI	homeo_cgig_K1PLG8_CRAGI
OG0000079	homeo_mcor	n5	1.0	Terminal	homeo_mcor_A0A6J8EFG0_MYTCO	homeo_mcor_A0A6J8ECG1_MYTCO
OG0000081	homeo_pele	n3	1.0	Terminal	homeo_pele_Pele_DN151192_c1_g2_i4.p1^	homeo_pele_Pele_DN103616_c0_g1_i1.p1^
OG0000082	homeo_cgig	n4	1.0	Terminal	homeo_cgig_A0A8W8I7D4_CRAGI	homeo_cgig_K1RD84_CRAGI
OG0000083	homeo_cgig	n3	1.0	Terminal	homeo_cgig_K1QCD7_CRAGI	homeo_cgig_A0A8W8IUX3_CRAGI
OG0000084	homeo_ctel	n1	1.0	Terminal	homeo_ctel_R7VEW7_CAPTE	homeo_ctel_R7UQR4_CAPTE
OG0000084	homeo_cgig	n4	1.0	Terminal	homeo_cgig_K1PG94_CRAGI	homeo_cgig_A0A8W8KE56_CRAGI
OG0000086	homeo_lgig	n1	1.0	Terminal	homeo_lgig_V4BGK7_LOTGI	homeo_lgig_V4BZH1_LOTGI, homeo_lgig_V4A810_LOTGI, homeo_lgig_V4AS00_LOTGI, homeo_lgig_V4AHV5_LOTGI
OG0000086	homeo_lgig	n2	1.0	Terminal	homeo_lgig_V4BZH1_LOTGI	homeo_lgig_V4A810_LOTGI, homeo_lgig_V4AS00_LOTGI, homeo_lgig_V4AHV5_LOTGI
OG0000086	homeo_lgig	n3	1.0	Terminal	homeo_lgig_V4A810_LOTGI	homeo_lgig_V4AS00_LOTGI, homeo_lgig_V4AHV5_LOTGI
OG0000086	homeo_lgig	n4	1.0	Terminal	homeo_lgig_V4AS00_LOTGI	homeo_lgig_V4AHV5_LOTGI
OG0000087	homeo_cgig	n2	1.0	Terminal	homeo_cgig_A0A8W8L9L9_CRAGI	homeo_cgig_A0A8W8LAW3_CRAGI, homeo_cgig_K1QWY6_CRAGI
OG0000087	homeo_cgig	n3	1.0	Terminal	homeo_cgig_A0A8W8LAW3_CRAGI	homeo_cgig_K1QWY6_CRAGI
OG0000088	homeo_lgig	n1	1.0	Terminal	homeo_lgig_V4ACL4_LOTGI	homeo_lgig_V4AIX4_LOTGI
OG0000088	homeo_cgig	n3	1.0	Terminal	homeo_cgig_A0A8W8IQQ8_CRAGI	homeo_cgig_K1QJ01_CRAGI
OG0000089	homeo_cgig	n1	1.0	Terminal	homeo_cgig_A0A8W8IXT7_CRAGI, homeo_cgig_A0A8W8IZA9_CRAGI, homeo_cgig_K1QG81_CRAGI	homeo_cgig_A0A8W8IZB2_CRAGI
OG0000089	homeo_cgig	n2	1.0	Terminal	homeo_cgig_A0A8W8IXT7_CRAGI	homeo_cgig_A0A8W8IZA9_CRAGI, homeo_cgig_K1QG81_CRAGI
OG0000089	homeo_cgig	n3	1.0	Terminal	homeo_cgig_A0A8W8IZA9_CRAGI	homeo_cgig_K1QG81_CRAGI
OG0000091	homeo_ofus	n2	1.0	Terminal	homeo_ofus_A0A8S4P2N0_OWEFU, homeo_ofus_A0A8J1TZD7_OWEFU	homeo_ofus_A0A8J1TY39_OWEFU
OG0000091	homeo_ofus	n3	1.0	Terminal	homeo_ofus_A0A8S4P2N0_OWEFU	homeo_ofus_A0A8J1TZD7_OWEFU
OG0000092	homeo_ofus	n1	1.0	Terminal	homeo_ofus_A0A8J1UC05_OWEFU	homeo_ofus_A0A8S4N0Q0_OWEFU
OG0000092	homeo_cgig	n3	1.0	Terminal	homeo_cgig_K1RFS1_CRAGI	homeo_cgig_A0A8W8MYI0_CRAGI
OG0000094	homeo_ofus	n3	1.0	Terminal	homeo_ofus_A0A8J1TQ83_OWEFU	homeo_ofus_A0A8S4N2S6_OWEFU
OG0000095	homeo_cgig	n2	1.0	Terminal	homeo_cgig_K1QBF2_CRAGI	homeo_cgig_A0A8W8I791_CRAGI
OG0000096	homeo_cgig	n1	1.0	Terminal	homeo_cgig_A0A8W8IEN3_CRAGI	homeo_cgig_K1QV43_CRAGI, homeo_cgig_A0A8W8IGN2_CRAGI
OG0000096	homeo_cgig	n2	1.0	Terminal	homeo_cgig_K1QV43_CRAGI	homeo_cgig_A0A8W8IGN2_CRAGI
OG0000097	homeo_cgig	n1	1.0	Terminal	homeo_cgig_K1RXD5_CRAGI	homeo_cgig_A0A8W8IM60_CRAGI, homeo_cgig_A0A8W8INP6_CRAGI
OG0000097	homeo_cgig	n2	1.0	Terminal	homeo_cgig_A0A8W8IM60_CRAGI	homeo_cgig_A0A8W8INP6_CRAGI
OG0000098	homeo_cgig	n2	1.0	Terminal	homeo_cgig_A0A8W8IYY1_CRAGI	homeo_cgig_K1PRV1_CRAGI
OG0000099	homeo_cgig	n1	1.0	Terminal	homeo_cgig_A0A8W8MDE7_CRAGI	homeo_cgig_A0A8W8MEZ4_CRAGI, homeo_cgig_K1P8V9_CRAGI
OG0000099	homeo_cgig	n2	1.0	Terminal	homeo_cgig_A0A8W8MEZ4_CRAGI	homeo_cgig_K1P8V9_CRAGI
OG0000100	homeo_mcor	n2	1.0	Terminal	homeo_mcor_A0A6J8BMA2_MYTCO	homeo_mcor_A0A6J8BKA4_MYTCO
